reaction id,source,destination,missing node
1,{},{0},1
2,"{3, 4, 5, 6, 7, 8, 9, 10, 11, 12, 13, 14, 16, 17, 18, 20, 21, 22, 24, 25, 26, 27, 28, 29, 30, 31, 32, 33, 34, 35, 36, 37, 38, 39, 40, 41, 42, 43, 44, 45, 46, 47, 48, 49, 50, 51, 52, 53, 54, 55, 56, 57, 58, 59, 60, 61, 62, 63, 64, 65, 66, 67, 68, 69, 70, 71, 73}","{72, 19, 23, 15}",2
3,{74},"{75, 76}",64
4,{},{77},78
5,"{82, 83}","{79, 80, 84, 23, 25}",81
6,{},{86},85
7,{25},"{23, 87, 15}",88
8,{},{89},90
9,{93},"{91, 92}",25
10,"{18, 95}","{72, 23, 94, 15}",25
11,{100},"{96, 97, 99}",98
12,{102},"{72, 103}",101
13,{107},"{104, 105}",106
14,{108},"{72, 109, 23}",18
15,{110},"{112, 97, 111}",98
16,"{114, 23}","{65, 115, 113}",25
17,{117},"{116, 23}",97
18,{61},"{23, 118, 119}",120
19,{122},"{121, 23}",97
20,{},{123},124
21,{},{126},125
22,"{18, 127}","{128, 72, 23, 15}",25
23,{25},"{130, 15}",129
24,{131},"{132, 117}",98
25,"{134, 23}","{97, 133}",135
26,"{25, 18}","{136, 72, 23, 15}",137
27,"{97, 18, 99}","{138, 19, 102, 23}",33
28,"{18, 140}","{72, 139, 23, 15}",25
29,{142},"{141, 143}",144
30,{98},"{97, 146, 147}",145
31,"{83, 149}","{80, 148, 84, 23, 25}",81
32,"{18, 150}","{72, 15, 23, 151}",25
33,{},"{152, 65}",36
34,{83},"{154, 155}",153
35,"{158, 39}","{156, 157, 23}",159
36,{162},"{160, 152}",161
37,{165},"{97, 163, 164}",98
38,{},{10},166
39,{167},"{168, 23}",97
40,{172},"{170, 171}",169
41,{},{161},173
42,{23},"{113, 47}",174
43,{10},"{176, 175}",177
44,{180},"{178, 143}",179
45,"{182, 23}","{181, 63}",183
46,"{25, 18}","{72, 185, 23, 15}",184
47,{22},"{19, 159}",25
48,"{18, 187}","{72, 186, 23, 15}",25
49,"{9, 18, 188}","{72, 10, 15, 23, 189}",25
50,{190},"{97, 191, 127}",98
51,{194},"{193, 143}",192
52,{},{195},196
53,{},{197},198
54,{},{200},199
55,{175},"{10, 155}",17
56,"{25, 18}","{16, 72, 23, 15}",201
57,{203},"{202, 23}",97
58,{},{204},205
59,{206},"{72, 207}",18
60,{209},"{104, 210}",208
61,{},{131},211
62,"{38, 23}","{19, 212}",213
63,{212},"{23, 214, 215}",216
64,"{217, 63}","{218, 182, 23}",25
65,{219},"{220, 221, 23}",17
66,"{118, 223}","{61, 222}",23
67,{25},"{19, 22}",224
68,"{18, 7}","{72, 23, 55, 15}",25
69,{},{225},226
70,{},{227},228
71,{},{229},230
72,"{143, 231}","{19, 181, 102}",18
73,{234},"{232, 235, 23}",233
74,{237},"{112, 97, 236}",98
75,{239},"{240, 23, 238, 79}",25
76,{242},"{152, 241}",162
77,{},{243},244
78,{23},"{113, 6}",245
79,"{18, 246}","{72, 44, 23, 15}",25
80,{247},"{248, 25, 250}",249
81,{252},"{251, 23}",97
82,{253},"{23, 102, 254}",25
83,{},"{25, 255}",256
84,{},{257},258
85,{261},"{259, 260, 23}",25
86,{},{262},263
87,{106},"{264, 105}",265
88,{},{266},267
89,{},{268},269
90,{271},"{213, 143}",270
91,{97},"{272, 23}",273
92,{98},"{112, 97, 274}",200
93,{},{276},275
94,{277},"{278, 279}",98
95,{23},"{280, 113}",281
96,{},{282},283
97,{285},"{284, 286}",25
98,"{25, 83}","{65, 154, 287}",288
99,{},{289},290
100,{},"{72, 292, 23}",291
101,{294},"{104, 41, 23}",293
102,{295},"{296, 72, 23}",193
103,{},{297},298
104,{},{299},300
105,{302},"{32, 23, 69, 303}",301
106,"{182, 23}","{304, 306, 63}",305
107,{308},"{216, 307, 23}",25
108,"{310, 311}","{72, 23, 309, 15}",18
109,{23},"{272, 113}",17
110,{313},"{312, 19, 23}",25
111,{315},"{72, 314}",18
112,{316},"{72, 33, 23}",18
113,{},{317},318
114,{},{320},319
115,{322},"{321, 23, 33}",25
116,"{323, 166}","{72, 324, 23, 15}",18
117,{},{326},325
118,{327},"{328, 72, 23}",18
119,{},{329},330
120,"{118, 23}","{81, 61}",80
121,"{18, 331}","{72, 332, 23, 15}",25
122,{334},"{220, 333}",219
123,"{35, 335}","{336, 19, 102}",18
124,"{18, 338}","{72, 337, 23, 15}",25
125,{},"{339, 13}",340
126,{},{342},341
127,"{22, 23}","{65, 343}",25
128,{},{344},345
129,{346},"{347, 348}",98
130,{},{349},350
131,{98},"{97, 163, 351}",352
132,{},{353},354
133,{},"{356, 102}",355
134,"{18, 357}","{72, 23, 358, 15}",25
135,"{61, 359}","{360, 118, 23}",25
136,"{18, 66}","{72, 361, 23, 15}",25
137,{5},"{363, 364}",362
138,"{18, 365}","{72, 23, 366, 15}",25
139,{154},"{25, 367}",306
140,{370},"{369, 143}",368
141,{},"{371, 372}",373
142,{342},"{374, 23}",97
143,{},{376},375
144,{22},"{377, 260, 23}",378
145,"{379, 87}","{19, 102, 7}",18
146,"{18, 380}","{19, 381, 102}",17
147,"{182, 23}","{63, 383}",382
148,"{182, 23}","{384, 385, 63}",386
149,"{118, 23}","{25, 387, 61}",388
150,{23},"{389, 143}",181
151,{390},"{392, 97, 391}",98
152,{18},"{72, 394, 23}",393
153,{},{112},395
154,"{182, 23}","{397, 63}",396
155,{398},"{33, 223}",209
156,{81},"{80, 23, 69, 399}",400
157,{97},"{402, 23}",401
158,{403},"{12, 23}",97
159,"{404, 118, 23}","{61, 405}",83
160,{25},"{406, 407}",408
161,"{51, 23}","{409, 15}",72
162,{413},"{410, 412}",411
163,{415},"{414, 23}",97
164,{25},"{416, 15}",176
165,"{25, 18}","{72, 417, 23, 15}",0
166,{106},"{105, 10}",418
167,"{420, 118, 23}","{419, 61}",83
168,"{61, 422}","{421, 118, 23}",25
169,"{18, 36}","{19, 102, 423}",424
170,{},{127},425
171,"{61, 15}","{427, 118, 23}",426
172,{428},"{429, 23}",97
173,{430},"{97, 127, 111}",98
174,"{314, 23}","{19, 431}",432
175,{254},"{433, 102, 23}",18
176,{434},"{19, 435}",433
177,{437},"{436, 15}",25
178,{438},"{23, 439}",97
179,{},{441},440
180,{},{442},443
181,{101},"{19, 435, 23}",25
182,{},{444},445
183,{53},"{446, 23}",97
184,{18},"{72, 447}",104
185,{},{449},448
186,{},{96},450
187,{451},"{42, 23}",97
188,{453},"{452, 454, 23}",25
189,{},{455},456
190,{},{457},458
191,{459},"{357, 23}",97
192,{277},"{460, 23, 71}",461
193,{23},"{25, 462}",463
194,{465},"{464, 143}",192
195,{25},"{466, 23, 143}",368
196,{467},"{128, 307, 23}",25
197,{468},"{469, 47}",25
198,{316},"{470, 407}",18
199,"{18, 437}","{72, 15, 23, 471}",25
200,"{219, 23}","{473, 220, 97}",472
201,"{475, 47}","{474, 19, 102}",18
202,"{18, 476}","{19, 61, 102, 23}",65
203,"{478, 23}","{113, 479, 143}",477
204,"{118, 23}","{480, 61}",481
205,{61},"{23, 118, 119}",160
206,"{3, 4, 5, 6, 7, 8, 9, 10, 11, 12, 13, 14, 16, 17, 18, 20, 21, 22, 24, 25, 26, 27, 29, 30, 31, 32, 33, 34, 35, 36, 37, 38, 39, 40, 41, 42, 43, 44, 46, 47, 48, 49, 50, 51, 52, 53, 54, 55, 56, 57, 58, 59, 60, 61, 62, 63, 64, 65, 66, 68, 69, 70, 71, 73, 118, 130, 133, 182, 209, 220, 292, 306, 345, 356, 362, 390, 392, 413, 417, 482, 483, 484, 485, 486, 487, 488, 489, 490, 491, 492, 493, 494, 495, 496, 497, 498, 499, 500, 501, 502, 503}","{72, 19, 23, 15}",2
207,"{193, 18}","{504, 72, 23, 15}",25
208,{506},"{505, 23}",97
209,"{508, 510}","{507, 509, 511}",98
210,"{97, 18, 111}","{512, 19, 102, 23}",33
211,{97},"{333, 23}",513
212,{23},"{113, 514}",515
213,{517},"{33, 516}",209
214,{29},"{152, 518}",73
215,"{18, 519}","{514, 19, 102}",520
216,{25},"{522, 15}",521
217,{526},"{97, 523, 525}",524
218,{527},"{89, 23}",97
219,{91},"{528, 72, 23}",18
220,{},{530},529
221,{},{532},531
222,{},"{25, 534}",533
223,"{18, 535}","{536, 72, 23, 15}",25
224,"{18, 12}","{537, 19, 102}",538
225,"{18, 539}","{72, 82, 23, 15}",25
226,{},{541},540
227,{542},"{72, 206, 23}",18
228,"{18, 543}","{544, 19, 102, 23}",272
229,{},{546},545
230,{},{547},548
231,{278},"{549, 23}",97
232,{551},"{550, 175}",10
233,"{25, 18}","{72, 52, 23, 15}",552
234,{},{554},553
235,{556},"{555, 132}",98
236,{558},"{235, 557, 23}",325
237,{559},"{560, 23}",97
238,{},{561},562
239,{},"{563, 278}",460
240,{564},"{565, 15}",25
241,{},{566},567
242,{},{568},569
243,{23},"{113, 571}",570
244,{},{347},572
245,{25},"{23, 573, 143}",192
246,{575},"{152, 576, 23}",574
247,"{25, 23}","{65, 578, 113}",577
248,"{580, 63}","{579, 182, 23}",25
249,"{118, 23}","{522, 61}",581
250,{583},"{72, 582, 23}",18
251,{23},"{584, 113}",581
252,{25},"{464, 214, 23}",585
253,{214},"{72, 247}",18
254,{287},{586},306
255,{},"{25, 162}",587
256,{},{588},589
257,{},"{152, 79}",590
258,{},{308},591
259,"{182, 23}","{592, 63}",593
260,{518},"{594, 15}",25
261,{},"{595, 597}",596
262,"{134, 23}","{97, 499}",598
263,{},{467},599
264,{86},"{216, 573, 23}",25
265,{98},"{601, 602, 97}",600
266,{},{604},603
267,{61},"{113, 605, 118}",344
268,{607},"{25, 606, 23}",152
269,{5},"{608, 364, 23}",28
270,{},{111},609
271,{610},"{528, 152}",162
272,"{220, 23}","{169, 219, 25, 97}",170
273,{611},"{120, 152}",162
274,{23},"{25, 613}",612
275,{614},"{364, 23, 615}",5
276,"{25, 18}","{72, 66, 23, 15}",361
277,"{33, 18}","{616, 72, 15}",536
278,{},"{25, 618}",617
279,"{18, 620}","{619, 19, 102}",73
280,{},{622},621
281,"{23, 623}","{113, 19, 133}",624
282,"{118, 23}","{625, 61}",287
283,"{477, 23}","{113, 626, 33}",209
284,{},{627},628
285,{},{629},630
286,"{23, 631}","{632, 25, 388}",633
287,{61},"{634, 118, 23}",635
288,"{18, 555}","{72, 636, 23, 15}",25
289,{637},"{72, 638, 23}",18
290,{25},"{104, 639}",640
291,{},{641},642
292,{},{644},643
293,{645},"{44, 175}",10
294,{646},"{152, 119}",162
295,{},{647},648
296,{},{649},650
297,{651},"{72, 23}",25
298,{},{653},652
299,{},{39},262
300,{655},"{656, 23, 207}",654
301,{},{658},657
302,{},{659},660
303,{661},"{662, 23}",97
304,"{61, 663}","{664, 118, 23}",25
305,{},"{665, 666}",667
306,"{182, 23}","{63, 543}",668
307,"{18, 669}","{24, 72, 23, 15}",25
308,"{18, 671}","{72, 23, 670, 15}",25
309,"{18, 11}","{72, 15, 23, 375}",25
310,{674},"{672, 19}",673
311,{},"{152, 675}",345
312,{},"{25, 677}",676
313,{175},"{10, 679}",678
314,{274},"{36, 23}",97
315,{},{680},292
316,{},{682},681
317,"{18, 629}","{72, 683, 23, 15}",25
318,{684},"{260, 23}",25
319,"{182, 23}","{685, 63}",686
320,{687},"{688, 113, 118}",61
321,{},"{689, 19}",18
322,{691},"{113, 690, 143}",73
323,{693},"{72, 692, 23}",18
324,"{25, 18}","{72, 23, 694, 15}",8
325,{695},"{132, 446}",98
326,"{25, 18}","{696, 72, 23, 15}",129
327,{98},"{97, 698, 699}",697
328,"{701, 63}","{700, 182, 23}",25
329,{692},"{72, 433}",18
330,{413},"{364, 702, 23}",5
331,"{182, 23}","{478, 63}",703
332,"{705, 18}","{704, 72, 23, 15}",25
333,{707},"{706, 23}",137
334,{},{708},709
335,"{182, 711}","{710, 63}",23
336,"{23, 15}","{712, 143}",271
337,{},"{25, 76}",222
338,"{713, 18}","{72, 714, 23, 15}",25
339,"{18, 715}","{72, 716, 23, 15}",25
340,"{219, 717}","{97, 220, 718}",98
341,"{61, 719}","{720, 118, 23}",25
342,{52},"{721, 25}",154
343,{},{723},722
344,{},{191},724
345,{},{597},725
346,{726},"{23, 727}",25
347,{},{728},729
348,{731},"{377, 732}",730
349,{733},"{328, 214, 23}",25
350,{},{734},735
351,{7},"{736, 364, 23}",5
352,{},{737},738
353,"{68, 740}","{19, 102, 739}",18
354,{},{742},741
355,"{38, 23}","{632, 25, 46}",631
356,"{182, 23}","{306, 63}",367
357,"{744, 18}","{19, 102, 743}",24
358,"{83, 118, 23}","{746, 61}",745
359,{748},"{747, 549}",25
360,{317},"{749, 23}",97
361,{751},"{328, 143}",750
362,{501},"{752, 97, 494}",98
363,"{754, 62}","{753, 19, 102}",18
364,{452},"{755, 756}",266
365,{206},"{542, 15}",25
366,{439},{758},757
367,{},{387},759
368,{98},"{96, 97, 111}",760
369,{734},"{105, 14}",106
370,{},{629},715
371,{97},"{762, 23}",761
372,{15},"{764, 189}",763
373,"{435, 22}","{23, 260, 765, 15}",17
374,{766},"{112, 97, 147}",98
375,{},{767},768
376,"{18, 215}","{72, 769, 23, 15}",25
377,"{182, 23}","{770, 63}",287
378,{142},"{771, 143}",772
379,"{25, 18}","{216, 72, 23, 15}",112
380,"{773, 23}","{65, 774}",25
381,{},"{25, 775}",776
382,{777},"{414, 15}",25
383,{778},"{779, 23}",97
384,{15},"{780, 94}",683
385,{},{782},781
386,{},"{25, 783}",784
387,{118},"{25, 773, 61}",785
388,{787},"{72, 786, 23}",18
389,{},{789},788
390,"{790, 23}","{305, 25, 367}",306
391,{791},"{792, 132}",98
392,{787},"{793, 23}",97
393,{},{520},794
394,{139},"{80, 795, 69, 23}",81
395,"{118, 23}","{368, 61}",796
396,"{182, 23}","{798, 63}",797
397,"{97, 18, 236}","{19, 23, 102, 799}",33
398,{},"{152, 452}",800
399,"{18, 143}","{19, 685, 102}",801
400,{204},"{802, 132}",98
401,{23},"{73, 541}",803
402,{804},"{432, 72, 23}",18
403,{23},"{49, 806}",805
404,{807},"{116, 15}",25
405,{},{107},808
406,{},{365},809
407,{810},"{33, 811}",209
408,{},"{65, 79}",812
409,{},"{152, 426}",813
410,"{23, 815}","{19, 814}",3
411,{243},"{801, 410, 23}",25
412,{675},"{281, 19}",624
413,{58},"{816, 23}",97
414,{819},"{25, 818, 817}",72
415,{},{820},821
416,{},{242},822
417,{},{273},823
418,{61},"{152, 113, 118}",824
419,{},"{339, 102}",765
420,"{477, 23}","{143, 113, 825}",826
421,"{97, 18, 827}","{810, 19, 102, 23}",33
422,{},"{828, 15}",829
423,{831},"{152, 830}",162
424,{},{832},833
425,{},{834},835
426,"{118, 23}","{836, 61}",288
427,"{22, 23}","{498, 19}",837
428,"{36, 839}","{102, 19, 838}",18
429,{},{840},841
430,"{61, 79}","{209, 118, 23}",33
431,{98},"{96, 97, 236}",842
432,{843},"{132, 597}",98
433,{844},"{845, 15}",25
434,{847},"{72, 846, 23}",18
435,{},{849},848
436,"{18, 771}","{72, 15, 23, 391}",25
437,{},{851},850
438,{303},"{852, 23}",97
439,"{162, 853}","{564, 15}",25
440,{854},"{50, 855}",2
441,{162},"{152, 726}",856
442,"{18, 519}","{19, 436, 102}",857
443,{75},"{64, 23, 69, 399}",400
444,{119},"{10, 830}",9
445,{},{858},859
446,{861},"{72, 860, 23, 15}",18
447,{862},"{717, 782}",98
448,{863},"{152, 65, 293}",25
449,"{38, 23}","{864, 19}",865
450,{},{233},326
451,{},{187},866
452,{322},"{33, 867}",209
453,"{868, 23}","{64, 805}",75
454,{869},"{636, 407}",25
455,{871},"{870, 23}",83
456,{},{278},872
457,{},{873},874
458,{},{876},875
459,{877},"{128, 573, 23}",25
460,{},{878},879
461,"{18, 143}","{102, 19, 478}",321
462,{717},"{152, 469}",162
463,"{25, 18}","{72, 881, 23, 15}",880
464,"{156, 23}","{882, 19}",18
465,{172},"{98, 171, 219}",220
466,"{18, 883}","{72, 23, 70, 15}",25
467,{885},"{152, 884}",162
468,{814},"{377, 886}",730
469,{},{888},887
470,{},"{25, 889}",890
471,{209},"{33, 891}",657
472,{},{201},892
473,{893},"{180, 23, 15}",216
474,{},{506},894
475,{98},"{851, 132}",457
476,"{18, 10}","{72, 15, 23, 895}",41
477,{54},"{896, 97, 236}",98
478,{},{897},898
479,{900},"{72, 899, 23}",18
480,{74},"{33, 901}",209
481,{246},"{44, 23}",97
482,{23},"{113, 482}",902
483,{469},"{657, 15}",25
484,{},{903},904
485,"{118, 23}","{905, 61}",625
486,{},{907},906
487,{},{621},908
488,{909},"{97, 204}",98
489,{493},"{97, 190, 191}",98
490,{260},"{910, 102, 23}",18
491,{911},"{235, 558, 23}",325
492,{97},"{912, 23}",297
493,{25},"{104, 830}",528
494,{97},"{522, 23}",913
495,{},{914},915
496,{},{916},917
497,"{371, 61}","{918, 118, 23}",25
498,"{97, 499}","{98, 598, 919}",920
499,{},{265},921
500,{164},"{132, 782}",98
501,{227},"{208, 23}",97
502,{923},"{112, 97, 922}",98
503,{},{924},925
504,{325},"{235, 23, 911}",656
505,{},{117},926
506,"{18, 927}","{928, 72, 23, 15}",25
507,{10},"{929, 175}",545
508,{261},"{930, 23, 807}",25
509,{931},"{152, 899}",162
510,{},{338},932
511,{},{934},933
512,{25},"{935, 15}",936
513,{},{831},937
514,{916},"{152, 23}",97
515,{18},"{72, 938, 23}",441
516,{},{939},940
517,{941},"{209, 492}",33
518,"{747, 942}","{72, 731, 23, 15}",18
519,{943},"{17, 755}",452
520,{},{944},945
521,{},"{65, 946}",53
522,{948},"{947, 102, 39}",882
523,{116},"{72, 23, 807}",18
524,{215},"{483, 15}",25
525,{314},"{315, 23, 15}",25
526,{949},"{178, 214, 23}",25
527,{659},"{97, 163, 950}",98
528,{},{856},951
529,{72},"{18, 579}",952
530,{349},"{484, 23}",97
531,{},{953},954
532,{550},"{955, 15}",25
533,{},{646},956
534,{407},"{19, 102}",433
535,{958},"{311, 959}",957
536,{499},"{452, 598}",339
537,{143},"{33, 477}",362
538,"{25, 18}","{400, 72, 23, 15}",960
539,"{182, 23}","{962, 63}",961
540,"{18, 87}","{102, 19, 142}",143
541,{},{662},963
542,"{182, 23}","{964, 63, 15}",965
543,{29},"{152, 518}",549
544,{718},"{480, 23}",97
545,{852},"{966, 23}",97
546,{},{968},967
547,{98},"{96, 97, 147}",969
548,{971},"{970, 23, 143}",33
549,{},"{152, 900}",972
550,"{182, 23}","{974, 63}",973
551,{},"{152, 584}",775
552,{23},"{25, 113, 975}",976
553,"{977, 18}","{72, 699, 23, 15}",25
554,{979},"{72, 978}",18
555,{980},"{981, 311}",25
556,{982},"{970, 84, 818, 23}",819
557,{886},"{235, 23, 983}",360
558,{870},"{339, 454, 23}",25
559,{},{203},984
560,{162},"{986, 15}",985
561,"{988, 13}","{19, 102, 987}",18
562,{},{172},989
563,"{5, 182}","{52, 23, 408, 991, 990, 63}",68
564,{993},"{52, 23}",992
565,{},{994},995
566,{},{793},996
567,{},"{372, 998}",997
568,{884},"{469, 999}",25
569,{97},"{1001, 23}",1000
570,{1002},"{1003, 23}",97
571,{},{473},1004
572,{18},"{72, 1005, 23}",225
573,{837},"{102, 1006, 39}",882
574,{25},"{65, 17}",16
575,{1007},"{1008, 407}",25
576,{},{1009},1010
577,"{83, 374, 23}","{25, 1011, 61}",118
578,{},{931},1012
579,{},{1013},1014
580,"{118, 23}","{61, 1015}",811
581,{},{1016},1017
582,{},{119},968
583,{5},"{1018, 364, 23}",482
584,{332},"{97, 887, 111}",98
585,"{118, 23}","{61, 133}",135
586,{23},"{97, 1020}",1019
587,"{188, 23}","{65, 113}",121
588,{},"{25, 686}",798
589,{},{1021},1022
590,{284},"{91, 1023}",25
591,{},{418},1024
592,{61},"{1025, 118, 23}",394
593,{},{1026},1027
594,{},{1028},1029
595,{},{555},1030
596,{1031},"{618, 75}",64
597,"{477, 23}","{1032, 113, 143}",179
598,"{18, 1034}","{72, 1033, 23, 15}",25
599,"{18, 1036}","{1035, 19, 102}",466
600,{},{352},1037
601,{436},"{128, 1038}",520
602,{},"{25, 1039}",397
603,{},{1041},1040
604,"{1042, 18}","{19, 571, 102}",801
605,{},{1043},1044
606,{820},"{944, 23}",97
607,{1045},"{216, 23, 519}",25
608,"{18, 132}","{72, 23, 15}",25
609,{},{843},1046
610,{1047},"{1049, 235, 23}",1048
611,"{182, 23}","{1050, 63}",1051
612,{},{1036},1052
613,{},"{426, 79}",1053
614,{598},"{499, 221, 23}",17
615,"{118, 23}","{61, 1054}",783
616,{1031},"{801, 23, 33}",25
617,{1055},"{438, 23}",97
618,{1057},"{657, 94}",1056
619,{},{920},1058
620,{23},"{849, 97}",1059
621,{23},"{113, 1060}",152
622,{},"{45, 278}",277
623,{462},"{33, 23, 623}",25
624,{685},"{1062, 143}",1061
625,{18},"{72, 373, 23}",440
626,"{18, 1063}","{1064, 72, 23, 15}",25
627,{98},"{97, 794, 922}",1065
628,{38},"{19, 214, 23}",25
629,{},{885},1066
630,{627},"{1067, 23}",97
631,{1068},"{64, 23, 69, 1055}",75
632,{1069},"{33, 23, 815}",209
633,{},{1070},1071
634,{162},"{1072, 152}",1073
635,{1075},"{1074, 132}",98
636,{},"{25, 1077}",1076
637,{241},"{393, 1078}",25
638,{},{1079},345
639,{2},"{1081, 50, 23}",1080
640,{757},{1082},1083
641,{757},{1084},402
642,{588},"{812, 23}",97
643,{},{1085},1086
644,{},{1087},1088
645,{1035},"{128, 1089}",888
646,{},{584},1090
647,{1091},"{1092, 23}",97
648,{},{275},1093
649,"{1094, 30}","{19, 102, 1095}",18
650,{18},"{72, 23, 967}",1096
651,{},{610},1097
652,{1099},"{112, 97, 1098}",98
653,"{707, 486}","{1100, 1101}",1102
654,{93},"{284, 1103}",25
655,{98},{717},1104
656,{23},"{65, 1105}",240
657,{302},"{64, 23, 69, 303}",75
658,"{182, 23}","{890, 63}",1106
659,{},{1108},1107
660,{},{1110},1109
661,{},{1034},1111
662,"{182, 23}","{1112, 63}",1113
663,{},"{25, 1114}",1115
664,{},{670},1116
665,{759},"{19, 1117}",1118
666,{364},"{1119, 407}",25
667,"{25, 83}","{154, 148, 14}",1120
668,{18},"{72, 29, 23}",1121
669,{},{539},1122
670,"{1123, 63}","{452, 182, 23}",25
671,{18},"{72, 587, 23}",393
672,{5},"{1124, 364, 23}",1125
673,{1126},"{112, 97, 191}",98
674,{310},"{50, 309, 23}",2
675,{},{1128},1127
676,{},"{1129, 25}",1130
677,{1132},"{1131, 23}",97
678,"{182, 23}","{1133, 63}",606
679,"{860, 61}","{315, 23, 118, 311}",25
680,{1134},"{152, 65, 992}",25
681,{},{1042},1135
682,{301},"{32, 23, 69, 399}",400
683,{83},"{154, 29}",1136
684,{9},"{1138, 10, 854, 23}",1137
685,{},{1139},1140
686,{},{1078},930
687,"{666, 61}","{522, 118, 23}",25
688,{133},"{499, 364, 23}",5
689,{526},"{97, 1141, 525}",523
690,{},{136},706
691,{1143},"{1142, 23}",97
692,{61},"{1145, 118, 23}",1144
693,{},{510},1146
694,{527},"{657, 108}",25
695,{814},"{961, 15}",162
696,{},{862},1147
697,"{477, 23}","{113, 973, 143}",1148
698,"{18, 1149}","{19, 102, 463}",33
699,"{25, 18}","{72, 23, 1150, 15}",1001
700,{1151},"{1152, 72, 23}",18
701,"{25, 18}","{664, 72, 23, 15}",1153
702,{},{1154},1155
703,{1156},"{776, 23}",97
704,{},"{426, 372}",1157
705,{},{1159},1158
706,{25},"{528, 1160}",1072
707,{97},"{1160, 23}",1161
708,{},{1162},1163
709,{22},"{239, 311, 23}",25
710,{},"{25, 1164}",828
711,{23},"{19, 651}",18
712,{},{1165},1166
713,{171},"{169, 23}",97
714,{1167},"{1168, 72, 23}",18
715,"{18, 23}","{1169, 19}",1145
716,{},{361},1170
717,{938},"{1171, 15}",25
718,{61},"{745, 118, 23}",1172
719,"{18, 1173}","{72, 73, 23, 15}",25
720,{},{236},1102
721,{98},"{132, 1174}",601
722,"{510, 1175}","{1176, 507, 509}",98
723,{},{1178},1177
724,{},{1179},384
725,{25},{1180},312
726,{},{1181},1182
727,{27},"{23, 1183}",97
728,{25},"{657, 108}",1184
729,{162},"{152, 1185}",1104
730,"{18, 1187}","{72, 1186, 23, 15}",25
731,{},{694},1188
732,{},{1190},1189
733,{},{1161},1191
734,{},{749},1192
735,{},"{426, 372}",638
736,{25},"{10, 452}",1193
737,{172},"{98, 171, 598}",499
738,{},"{152, 1195}",1194
739,{},"{25, 1196, 23}",964
740,"{18, 1197}","{72, 23, 1198, 15}",25
741,{},{1199},1200
742,{},{1202},1201
743,{},"{25, 1051}",1203
744,{1204},"{544, 105}",106
745,{1205},"{214, 1062, 23}",25
746,{},{1143},1206
747,"{209, 155}","{33, 1002, 23}",25
748,{1207},"{72, 817}",18
749,{301},"{32, 795, 69, 23}",139
750,{},"{25, 1209}",1208
751,"{477, 23}","{113, 1210, 143}",181
752,{},{1212},1211
753,{1213},"{536, 1214}",616
754,{},{1216},1215
755,{},{1173},1217
756,{1218},"{21, 23}",97
757,"{1150, 23}","{238, 1167}",18
758,{},{1219},1220
759,{},{295},1221
760,{},{217},1222
761,{639},"{13, 1087}",1223
762,{1225},"{144, 214, 23}",1224
763,{},{351},1226
764,{818},"{819, 367}",306
765,{},{1175},1227
766,{1228},"{667, 15}",25
767,"{209, 581}","{153, 23, 33}",25
768,"{182, 23}","{936, 63}",1229
769,{},{1230},1231
770,{},"{1232, 25}",1233
771,{18},"{72, 771, 23}",1234
772,{1236},"{104, 1235}",25
773,{},{552},1237
774,{},{1137},1180
775,"{18, 1238}","{72, 596, 23, 15}",25
776,{126},"{97, 163, 1239}",98
777,"{25, 61}","{1241, 118, 23}",1240
778,"{18, 723}","{72, 4, 23, 15}",25
779,{499},"{25, 1242, 598}",1243
780,{209},"{33, 1244, 23}",929
781,"{38, 23}","{19, 1205}",1062
782,{},{943},1245
783,{391},"{97, 99, 1246}",98
784,{1247},"{19, 844, 23}",25
785,{216},"{465, 23, 15}",1248
786,"{946, 23}","{1249, 113}",152
787,{1251},"{72, 1250, 23}",18
788,{869},"{72, 102, 23}",18
789,{},"{1252, 1253}",1254
790,{379},"{128, 1255}",130
791,{},{1256},1257
792,{18},"{72, 1258, 23}",544
793,{},"{501, 597}",494
794,{},{1259},1260
795,"{162, 371}","{829, 15}",25
796,"{23, 15}","{1248, 143}",192
797,{97},"{422, 23}",1176
798,{1261},"{1056, 657}",1057
799,{1263},{1262},757
800,{},{718},1264
801,"{25, 23}","{65, 378}",1265
802,"{18, 436}","{72, 1266, 23, 15}",25
803,"{1267, 23}","{25, 1268, 113}",83
804,{},{1270},1269
805,{},{507},1271
806,{602},"{760, 97, 111}",98
807,"{25, 18}","{72, 1273, 23, 15}",1272
808,{54},"{904, 1274}",1275
809,{},{1077},138
810,{},{1276},1277
811,"{1278, 23}","{19, 476}",18
812,{391},"{132, 1279}",98
813,{98},"{132, 1070}",353
814,{},{1281},1280
815,{322},"{1282, 75}",64
816,{1284},"{1283, 23}",707
817,{1141},"{97, 525, 1286}",1285
818,{},{403},1287
819,{},{1288},1289
820,"{118, 23}","{61, 181}",183
821,{878},"{152, 1078}",162
822,{},{827},1290
823,{1291},"{72, 1292}",18
824,"{18, 1293}","{72, 1068, 23, 15}",25
825,{},{559},1294
826,"{707, 1102}","{1100, 1295}",1296
827,{613},"{612, 23}",25
828,{1259},"{1297, 254, 23}",25
829,"{18, 1298}","{72, 721, 23, 15}",25
830,{220},"{1299, 219, 23}",83
831,{},{1045},1300
832,{935},"{25, 1301, 15}",1302
833,"{182, 1303}","{480, 63}",23
834,"{118, 23}","{97, 220, 61}",219
835,{209},"{33, 1305}",1304
836,{98},"{97, 236, 237}",752
837,{15},"{132, 119}",939
838,{},{1306},981
839,"{188, 860}","{72, 1307, 23, 15}",18
840,{1308},"{72, 997, 23}",18
841,{},{1309},1310
842,{},{1098},1311
843,{},{246},1312
844,"{118, 23}","{25, 61, 759}",388
845,{},{1313},1314
846,{209},"{33, 1315, 23}",417
847,{},{167},1316
848,{},{428},1317
849,{},{1319},1318
850,{255},"{1320, 72, 23}",18
851,"{1322, 75, 69}","{64, 1321, 868, 23}",1323
852,"{18, 467}","{482, 19, 102}",307
853,"{118, 23}","{1324, 61}",210
854,{},{1326},1325
855,{},"{70, 1327}",358
856,"{25, 18}","{72, 23, 863, 15}",320
857,"{182, 23}","{784, 63}",825
858,{97},"{1328, 23}",1313
859,{63},"{1329, 182, 23}",36
860,"{1330, 18}","{72, 1331, 23, 15}",25
861,{163},"{132, 1159}",98
862,{},{526},1332
863,"{1123, 61}","{452, 118, 23}",25
864,{1333},"{1334, 214, 23}",36
865,{},{1153},1335
866,{98},"{132, 1181}",1336
867,"{22, 23}","{1337, 19}",1006
868,{1338},"{1136, 72, 23}",18
869,"{186, 83}","{581, 80, 84, 23, 25}",81
870,{1219},"{898, 23}",97
871,{1339},"{132, 1276}",98
872,{},{556},1340
873,{},{1341},1342
874,{175},"{1232, 10}",4
875,{},{1344},1343
876,{598},"{499, 581}",522
877,"{324, 174}","{72, 747, 23, 15}",18
878,"{1322, 118}","{1321, 158, 61, 102}",1345
879,{678},"{1346, 452}",25
880,{1079},"{152, 1144}",25
881,{1347},"{264, 15}",25
882,"{118, 23}","{301, 61}",32
883,"{1348, 806}","{1321, 1323, 23}",1322
884,{},{1053},1349
885,{},{1351},1350
886,{},{379},1352
887,{},{761},1353
888,{},{1355},1354
889,{214},"{429, 254}",25
890,{398},"{75, 1356}",64
891,{1357},{1358},25
892,{23},"{113, 1359}",727
893,{},{1183},1360
894,{502},"{1361, 97, 495}",98
895,{97},"{16, 23}",201
896,{},{1362},293
897,"{22, 23}","{19, 1363}",1168
898,{},{909},1364
899,{1365},"{216, 23, 87}",25
900,"{75, 18, 1366, 1369, 25}","{64, 72, 15, 23, 1368, 1367}",69
901,{},{683},716
902,{61},"{637, 118, 23}",1370
903,{},{1336},1371
904,{},{1372},1373
905,{},{1375},1374
906,"{83, 175}","{1376, 452, 113, 84, 23}",1377
907,"{18, 10}","{72, 1378, 23, 15}",672
908,{},{415},1379
909,{107},"{104, 23}",97
910,"{18, 123}","{72, 1380, 23, 15}",25
911,{},{1381},1382
912,{97},"{40, 23}",649
913,{},{150},1383
914,{},{1156},1384
915,{18},"{72, 982, 23}",1385
916,{213},"{1386, 15}",25
917,{77},"{1387, 23}",97
918,{},{913},1388
919,{1389},"{1390, 23}",97
920,{},{1391},1392
921,{15},"{132, 469}",1393
922,{},{163},1394
923,{},{1396},1395
924,{61},"{1297, 253, 23}",25
925,{574},"{576, 84, 23}",1397
926,{23},"{56, 97}",1398
927,"{433, 9}","{10, 19, 1399}",25
928,{25},"{41, 14}",1400
929,{},{1401},1402
930,{},"{97, 1404, 525}",1403
931,{},{1406},1405
932,"{17, 18}","{16, 19, 102, 23}",65
933,"{9, 18, 1407}","{102, 807, 10, 19, 23}",25
934,{},"{345, 15}",986
935,{10},"{1408, 33, 23}",209
936,{494},"{97, 842, 236}",98
937,"{18, 914}","{72, 59, 23, 15}",25
938,{61},"{1410, 118, 23}",1409
939,{1411},"{62, 23}",97
940,{653},"{23, 175}",97
941,"{869, 23}","{65, 1142}",25
942,"{780, 23}","{19, 325}",3
943,{1262},"{1412, 23}",97
944,"{182, 23}","{533, 63}",1032
945,{},{1414},1413
946,"{598, 23}","{499, 61}",118
947,"{182, 1415}","{1208, 63}",23
948,"{154, 23}","{1416, 25, 70}",49
949,{25},{1418},1417
950,"{1419, 23}","{1416, 329, 70, 25}",49
951,{810},"{75, 1420}",64
952,{492},"{33, 1421}",787
953,{491},{1422},98
954,{1396},"{23, 1423}",97
955,"{182, 23}","{1424, 63}",481
956,{1223},"{1425, 13}",1426
957,{63},"{1329, 182, 23}",1328
958,{1285},"{97, 1427, 525}",1428
959,{},"{600, 597}",602
960,"{61, 14}","{65, 113, 118, 57}",50
961,"{18, 1430}","{19, 1429, 102}",16
962,{1431},"{1432, 182, 23}",63
963,{133},"{452, 135}",339
964,{},{1433},1434
965,"{18, 1435}","{72, 1436, 23, 15}",25
966,{2},"{50, 23, 311}",25
967,"{18, 1437}","{72, 23, 149, 15}",25
968,{139},"{64, 795, 69, 23}",75
969,{},{857},1438
970,"{18, 1439}","{1440, 72, 23, 15}",25
971,"{18, 1190}","{72, 23, 30, 15}",25
972,{219},"{220, 581}",522
973,{1441},"{216, 1442, 23}",25
974,"{1054, 23}","{113, 1443, 143}",477
975,"{152, 33}","{113, 209, 23, 631}",632
976,"{182, 23}","{1445, 63}",1444
977,{189},"{23, 1446, 15}",17
978,{},"{19, 1447}",22
979,{},"{346, 347}",277
980,"{43, 23}","{65, 1247}",25
981,{979},"{560, 15}",25
982,{1436},"{699, 132}",98
983,{700},"{1241, 10}",25
984,{},{830},1069
985,{671},"{670, 23}",97
986,{},{1339},1448
987,{},{165},1449
988,{411},"{410, 307, 23}",25
989,"{307, 143}","{19, 102, 751}",18
990,{},{1450},1451
991,"{18, 349}","{72, 484, 23, 15}",25
992,"{97, 510}","{98, 262}",136
993,{1452},"{1303, 23}",97
994,{734},"{14, 23}",97
995,{},{877},1453
996,{1455},"{19, 1454}",433
997,{},{611},1456
998,{178},"{1341, 15}",25
999,{1455},"{1457, 33}",209
1000,"{118, 23}","{1458, 61}",1123
1001,"{97, 18, 1098}","{74, 19, 102, 23}",33
1002,{},{1362},1459
1003,{},"{593, 25}",1112
1004,{596},"{97, 1098, 1325}",98
1005,{},{1239},1460
1006,{98},"{97, 99, 100}",392
1007,{98},"{1177, 132}",698
1008,"{18, 1461}","{1056, 72, 23, 15}",25
1009,{1462},"{235, 980}",730
1010,{63},"{23, 182, 1463}",469
1011,{810},"{33, 23, 231}",25
1012,{},{1308},1464
1013,{},"{1417, 25}",1409
1014,{},{1465},1466
1015,{1467},"{152, 372}",162
1016,{10},"{1468, 175}",1025
1017,{1469},"{598, 98, 1230}",499
1018,{1252},"{1381, 1470}",98
1019,{18},"{72, 1471}",1408
1020,"{171, 220}","{98, 507, 219}",97
1021,"{182, 23}","{1054, 63}",783
1022,{1246},"{112, 97, 99}",98
1023,{},{174},1346
1024,"{63, 607}","{1472, 182, 23}",15
1025,"{118, 23}","{1148, 61}",1209
1026,{},{847},337
1027,"{25, 18}","{72, 410, 23, 15}",96
1028,{942},{549},25
1029,"{18, 1414}","{72, 1377, 23, 15}",25
1030,{},{1474},1473
1031,"{260, 23}","{261, 15}",930
1032,{18},"{72, 23, 1359}",897
1033,"{182, 23}","{50, 63}",1378
1034,"{18, 644}","{1096, 72, 23, 15}",25
1035,{},{95},1475
1036,{98},"{97, 110, 111}",601
1037,{},{1477},1476
1038,{},"{25, 775}",1387
1039,"{83, 518}","{65, 154, 29}",25
1040,{413},"{128, 412}",467
1041,{},{1479},1478
1042,{},{1480},1259
1043,{759},"{19, 1118}",387
1044,{994},"{824, 23}",97
1045,{},{1481},1214
1046,{239},"{19, 1228, 23}",25
1047,{},{1482},1483
1048,{},"{97, 524, 525}",526
1049,{209},"{33, 1484, 23}",417
1050,{15},"{132, 830}",742
1051,"{18, 1391}","{72, 35, 23, 15}",25
1052,{},{1485},1486
1053,{},{1389},1487
1054,{23},"{113, 134}",311
1055,{},"{1488, 25}",251
1056,{18},"{72, 813, 23}",1488
1057,"{182, 23}","{1115, 63}",479
1058,{},{99},1489
1059,{181},"{231, 23, 143}",25
1060,"{18, 876}","{72, 23, 1213, 15}",25
1061,"{18, 1491}","{72, 1490, 23, 15}",25
1062,"{18, 1286}","{72, 1492, 23, 15}",25
1063,{},{1494},1493
1064,{97},"{23, 1495}",1496
1065,{25},"{377, 23, 1047}",1048
1066,{757},{1498},1497
1067,{858},{1499},25
1068,"{18, 1500}","{72, 1481, 15}",33
1069,{566},"{945, 23}",97
1070,"{18, 61, 615}","{72, 15, 118, 23, 1501}",25
1071,"{18, 1427}","{72, 23, 1502, 15}",25
1072,{},"{1320, 25}",1503
1073,{98},"{97, 99, 127}",1504
1074,{209},"{33, 1505}",1057
1075,{},{1506},1474
1076,{},"{23, 277, 71}",461
1077,{},{669},1507
1078,{},{1509},1508
1079,{622},"{828, 118, 23}",61
1080,{},{330},1510
1081,{},{1511},1512
1082,"{118, 23}","{1513, 61}",1514
1083,{},{695},1515
1084,{},{1393},1516
1085,{25},"{15, 327}",328
1086,{61},"{1480, 102, 23}",25
1087,"{1518, 23}","{1517, 63}",182
1088,{162},"{152, 1519}",737
1089,"{25, 18}","{72, 1500, 23, 15}",1465
1090,"{1331, 83}","{80, 84, 23, 25, 666}",81
1091,{799},"{75, 1077}",64
1092,{301},"{32, 1132, 69, 23}",1520
1093,{},{1092},1521
1094,"{1171, 23}","{19, 1221}",18
1095,{},{1511},294
1096,"{142, 23}","{113, 1518, 143}",477
1097,{1043},"{393, 23}",97
1098,"{325, 61}","{23, 118, 687}",25
1099,"{18, 1108}","{72, 9, 23, 15}",25
1100,{},{1522},1523
1101,"{23, 15}","{893, 143}",179
1102,{19},"{23, 15}",25
1103,{1276},"{1524, 23}",97
1104,{5},"{220, 364, 23}",1501
1105,"{46, 23}","{65, 1292}",25
1106,{},"{25, 1525}",710
1107,{},{540},1526
1108,{},"{104, 155}",1002
1109,{75},"{64, 1132, 69, 23}",1520
1110,{1527},"{50, 1462, 23}",2
1111,{483},"{1528, 410}",1128
1112,{1270},"{745, 23}",97
1113,{98},"{507, 943}",201
1114,"{1529, 18}","{72, 23, 1285, 15}",25
1115,"{23, 15}","{1530, 143}",368
1116,{},{530},580
1117,{505},"{577, 23}",25
1118,{1531},"{339, 23}",97
1119,{},{853},290
1120,{38},"{1224, 19}",565
1121,"{18, 455}","{1400, 72, 23, 15}",25
1122,{418},"{10, 1110}",1241
1123,{1532},"{658, 469}",25
1124,"{477, 23}","{1415, 113, 143}",1050
1125,{},{1452},1533
1126,{23},"{113, 1426}",13
1127,{},{65},507
1128,{339},"{452, 221, 23}",17
1129,"{5, 1534}","{1348, 52, 21, 23, 408}",26
1130,{586},"{1160, 306, 23}",25
1131,{},{1536},1535
1132,{25},"{1338, 15}",1136
1133,{106},"{105, 579}",1450
1134,"{573, 877}","{19, 1197, 102}",18
1135,"{18, 188}","{72, 362, 23, 15}",209
1136,{10},"{175, 1527}",688
1137,{},"{152, 674, 23}",1537
1138,"{369, 18}","{72, 601, 23, 15}",25
1139,{61},"{23, 118, 79}",1538
1140,{},{1540},1539
1141,{},{1541},1542
1142,{},{922},1543
1143,{},"{25, 796}",1544
1144,{23},"{1545, 97}",1008
1145,"{1546, 61}","{1193, 118, 23}",25
1146,{133},"{25, 1242, 135}",1243
1147,{18},"{72, 1547, 23}",864
1148,{},{717},1548
1149,{1549},"{404, 23}",97
1150,{533},"{1048, 23, 143}",1235
1151,{295},"{72, 23, 583}",296
1152,{1550},"{152, 1551}",162
1153,{69},"{11, 23}",1552
1154,{},{1554},1553
1155,"{414, 23}","{65, 1251}",25
1156,{18},"{313, 19}",433
1157,{51},"{15, 23, 431}",25
1158,{119},"{658, 15}",25
1159,{},{1556},1555
1160,{1021},"{720, 23}",97
1161,{1557},"{1254, 278}",98
1162,{},{147},1558
1163,"{18, 1559}","{72, 23, 1261, 15}",25
1164,{789},"{153, 23}",97
1165,"{25, 18}","{1296, 72, 23, 15}",504
1166,{249},"{248, 1561}",1560
1167,{1131},"{23, 1263}",97
1168,{18},"{72, 1157, 23}",1562
1169,{1407},"{1563, 15}",25
1170,"{18, 1087}","{72, 15, 23, 639}",25
1171,{1565},"{23, 1566, 1007}",1564
1172,{1567},"{500, 102, 23}",1169
1173,{13},"{33, 114, 23}",492
1174,{907},"{906, 23}",97
1175,"{25, 18}","{72, 1057, 23, 15}",737
1176,{},{1298},1568
1177,{},{1569},1570
1178,{893},"{15, 23, 519}",25
1179,{1571},"{24, 14}",25
1180,{1391},"{35, 23}",97
1181,{5},"{364, 1572, 23}",130
1182,{1042},"{128, 1573}",977
1183,"{182, 23}","{912, 63}",1164
1184,{682},"{1574, 23}",97
1185,{1575},"{72, 18, 23}",25
1186,"{18, 4}","{1576, 19, 102}",1577
1187,{},{1461},1578
1188,"{83, 118, 23}","{25, 61, 871}",762
1189,"{25, 23}","{65, 434}",407
1190,{},{1020},1579
1191,"{97, 18, 147}","{19, 23, 102, 1031}",33
1192,{},{513},1580
1193,{},"{25, 1581}",1324
1194,"{435, 61}","{23, 118, 1407}",25
1195,"{182, 23}","{393, 63}",1090
1196,"{955, 61}","{23, 118, 30}",25
1197,{},{1073},1582
1198,{},"{25, 155}",1495
1199,{97},"{1059, 23}",849
1200,{},{56},1398
1201,{},"{25, 1282}",1015
1202,{},{713},1583
1203,{},{1584},239
1204,{949},"{437, 214, 23}",216
1205,{175},"{10, 1123}",1241
1206,{1103},"{549, 286}",25
1207,"{142, 23}","{88, 143}",15
1208,{97},"{972, 23}",1585
1209,{182},"{306, 1586, 63}",304
1210,{346},{1557},98
1211,{},{469},780
1212,"{18, 34}","{72, 15, 23, 647}",25
1213,{1198},"{97, 1098, 1453}",98
1214,{598},"{499, 333}",334
1215,"{18, 243}","{977, 19, 102}",801
1216,"{477, 23}","{113, 797, 143}",271
1217,{771},"{1234, 15}",25
1218,"{1380, 23}","{25, 948, 102, 39}",882
1219,"{182, 23}","{63, 271}",1039
1220,"{1587, 83}","{154, 148, 62}",25
1221,{23},"{113, 331}",1588
1222,{},{164},1589
1223,"{18, 1590}","{72, 23, 302, 15}",25
1224,{},{289},846
1225,{97},"{23, 1591}",1592
1226,"{25, 18}","{72, 1593, 23, 15}",144
1227,"{1009, 18}","{72, 23, 69, 15}",25
1228,{1426},"{1594, 484}",25
1229,{},{1595},1596
1230,{},{1218},1597
1231,{},{1252},487
1232,"{18, 1598}","{72, 23, 174, 15}",25
1233,"{182, 23}","{63, 1599}",1249
1234,{1469},"{98, 1230, 135}",133
1235,"{182, 23}","{1203, 63}",626
1236,{},{98},1100
1237,{},{755},1600
1238,"{118, 23}","{1602, 61}",1601
1239,{983},"{1603, 23, 207}",1244
1240,{},{1075},1604
1241,{},{1437},1605
1242,{},{802},1606
1243,{1607},"{72, 315, 23}",18
1244,{},{1559},1608
1245,"{18, 1610}","{1609, 19, 102}",41
1246,"{18, 1611}","{72, 1026, 23, 15}",25
1247,{1421},"{452, 1134, 23}",41
1248,{1247},"{1612, 23, 15}",25
1249,{23},"{97, 31}",1477
1250,{1613},"{23, 214, 655}",1224
1251,{},{792},1614
1252,{903},"{1528, 128}",483
1253,{452},"{755, 1495}",1496
1254,"{23, 1615}","{65, 1506}",25
1255,{19},"{433, 333}",1616
1256,{452},"{1002, 755}",1003
1257,"{18, 579}","{72, 1617, 15}",33
1258,{271},"{270, 143}",216
1259,{285},"{1618, 91}",25
1260,{},{76},512
1261,{1404},"{97, 1619, 525}",1403
1262,{1285},"{1491, 1620}",1306
1263,{},{1621},1622
1264,{},"{25, 1420}",1623
1265,{},{509},1624
1266,{},{511},1625
1267,{},{411},1626
1268,{},{1627},1628
1269,{},"{25, 1629}",1517
1270,{1630},"{1497, 23}",97
1271,{405},"{1011, 118, 23}",61
1272,{61},"{29, 118, 23}",1136
1273,{},"{25, 183}",974
1274,{1494},"{97, 1154}",98
1275,"{25, 18}","{72, 1571, 23, 15}",1569
1276,"{182, 23}","{63, 1631}",1554
1277,{97},"{1633, 23}",1632
1278,"{1524, 23}","{65, 845}",25
1279,"{499, 23}","{25, 1634, 598}",1635
1280,{97},"{1251, 23}",1256
1281,{},{1411},1636
1282,{814},"{1236, 143}",533
1283,"{1637, 182, 23}","{25, 1222, 63}",83
1284,{1084},"{960, 23}",97
1285,{250},"{72, 46}",18
1286,{23},"{288, 113}",1432
1287,{1638},"{1381, 278}",98
1288,"{1322, 18, 182, 23, 990}","{102, 1321, 432, 113, 19, 25, 63}",1152
1289,{557},"{235, 23, 1639}",325
1290,{1363},"{23, 807, 503}",1640
1291,{},{1641},1642
1292,{},{359},814
1293,"{442, 1564}","{1041, 23, 47}",97
1294,{},{1439},1643
1295,{},{106},1644
1296,{966},{1645},757
1297,{1646},"{65, 1647}",25
1298,{61},"{72, 23, 63}",18
1299,{},{791},1648
1300,"{18, 1103}","{72, 748, 23, 15}",962
1301,"{25, 18}","{162, 23, 102, 15}",152
1302,{23},"{113, 1650}",1649
1303,{639},"{484, 1087}",349
1304,{15},"{132, 1078}",1651
1305,{1110},"{1241, 23}",97
1306,{},{171},1652
1307,"{118, 23}","{61, 1445}",1444
1308,{950},"{610, 132}",98
1309,{97},"{694, 23}",8
1310,{98},"{97, 236, 127}",896
1311,{},{1470},1653
1312,"{23, 231}","{19, 389, 102}",18
1313,{469},"{1185, 235, 23}",325
1314,"{18, 1655}","{72, 23, 1654, 15}",25
1315,{759},"{624, 19}",1117
1316,{},{1651},1656
1317,"{1657, 83}","{113, 154, 505}",25
1318,{},{1441},1658
1319,{1213},"{1659, 1214}",1660
1320,"{477, 23}","{113, 396, 143}",192
1321,"{25, 18}","{72, 23, 1661, 15}",200
1322,"{18, 779}","{72, 15, 23, 503}",25
1323,{},"{25, 155}",756
1324,{23},"{113, 957}",959
1325,{},{451},1662
1326,{219},"{152, 220}",168
1327,{97},"{23, 1663}",257
1328,{197},"{23, 255}",97
1329,{22},"{72, 260}",102
1330,{},{1585},1664
1331,{423},"{1666, 23, 15}",1665
1332,{},{1176},1667
1333,{},{1669},1668
1334,{97},"{845, 23}",1016
1335,{807},"{72, 260}",18
1336,{138},"{33, 23, 87}",25
1337,{52},"{1440, 25}",154
1338,{25},"{657, 469}",1185
1339,{143},"{33, 1670}",209
1340,"{18, 1671}","{19, 340, 102, 23}",17
1341,{},{254},693
1342,{1327},"{1145, 36}",25
1343,{},{1330},1672
1344,{},"{25, 1356}",1673
1345,{},{327},1674
1346,"{1675, 53}","{19, 1676, 102}",18
1347,{1253},"{1470, 1638}",98
1348,{602},"{97, 1052, 111}",98
1349,"{118, 23}","{1130, 61}",1305
1350,{},{299},41
1351,{},{148},1677
1352,{212},"{213, 214, 23}",25
1353,{45},"{490, 278}",98
1354,{348},{487},98
1355,{1678},"{96, 97, 1098}",98
1356,{876},"{1213, 1679}",1659
1357,{64},"{75, 1581}",1304
1358,{1333},"{771, 214, 23}",25
1359,{1154},"{132, 117}",98
1360,{23},"{113, 377}",1616
1361,{677},{800},25
1362,"{433, 23}","{113, 19, 1278}",1680
1363,{1681},"{1129, 75}",64
1364,{1540},"{1683, 767}",1682
1365,"{18, 52}","{1080, 19, 102}",1684
1366,"{477, 23}","{113, 711, 143}",368
1367,"{18, 1412}","{1520, 72, 23, 15}",25
1368,{},{1655},1685
1369,{97},"{69, 23}",1009
1370,{142},"{772, 143}",216
1371,{1663},"{1686, 118, 23}",61
1372,"{22, 23}","{19, 20}",1337
1373,{1067},"{355, 19}",18
1374,{1239},"{132, 717}",98
1375,{},{919},1687
1376,{},{715},1688
1377,{98},"{97, 922, 127}",1689
1378,"{962, 18}","{72, 323, 23, 15}",73
1379,{},{1204},1690
1380,{15},"{693, 1615}",116
1381,{97},"{23, 527}",89
1382,{1223},"{473, 1425}",97
1383,{},{883},757
1384,{338},"{337, 23}",97
1385,{669},"{24, 105}",106
1386,{1691},"{417, 306}",25
1387,"{23, 1079}","{113, 1194}",175
1388,{1681},"{33, 1692, 23}",25
1389,{},{1545},1693
1390,{175},"{10, 1694}",640
1391,{547},"{23, 407}",97
1392,"{182, 23}","{481, 63}",1695
1393,"{1633, 18}","{70, 72, 1002, 15, 23}",25
1394,{146},"{97, 147, 127}",98
1395,{1238},"{1696, 128}",877
1396,{},{132},1697
1397,{},"{25, 255}",1698
1398,{339},{153},25
1399,"{42, 18, 22}","{1385, 19, 260, 15}",25
1400,{},{846},1359
1401,{1699},"{97, 1098, 127}",98
1402,{},{1373},1700
1403,{},"{25, 858}",1002
1404,{},{252},1701
1405,{},{1386},1702
1406,{},{1703},1704
1407,{25},"{691, 276}",1705
1408,{1212},"{226, 23}",97
1409,"{18, 1556}","{72, 1706, 23, 15}",25
1410,{},{1707},1708
1411,{141},"{1709, 143}",192
1412,{},{1711},1710
1413,{795},"{1630, 23}",97
1414,{},"{1712, 25}",1599
1415,{23},"{113, 7}",1334
1416,{},{1307},1713
1417,{23},"{1617, 113}",1714
1418,{},{1715},1706
1419,"{18, 347}","{72, 23, 942, 15}",25
1420,{494},"{97, 236, 1127}",98
1421,{},{1598},1716
1422,{},{1074},1717
1423,{25},"{23, 70, 1327}",704
1424,"{466, 18}","{331, 19, 102}",888
1425,{1718},"{1083, 23}",97
1426,{5},"{364, 1719}",859
1427,"{499, 171}","{98, 507, 598}",97
1428,{},{1469},1720
1429,{},{1365},1721
1430,{1351},"{97, 791}",98
1431,{},{446},1722
1432,"{182, 23}","{1705, 63}",889
1433,{},{1423},1390
1434,{},"{597, 390}",392
1435,{},{508},1723
1436,{1285},"{184, 1620}",525
1437,{},"{311, 1302, 23}",290
1438,{786},"{53, 15}",25
1439,"{685, 23}","{1724, 143}",15
1440,"{434, 61}","{1506, 118, 23}",25
1441,{},{1726},1725
1442,{1727},"{72, 1613, 23}",18
1443,{98},"{1098, 85}",1728
1444,{1729},"{1602, 15}",25
1445,"{118, 23}","{25, 21, 61}",1730
1446,{97},"{897, 23}",1281
1447,{},{1104},1731
1448,{5},"{408, 113, 52, 1268}",1267
1449,"{649, 18}","{40, 72, 23, 15}",25
1450,{1595},"{1192, 23}",97
1451,{1733},"{1732, 220}",219
1452,"{18, 903}","{19, 102, 6}",1442
1453,"{429, 23}","{65, 745}",25
1454,{209},"{33, 1734}",1681
1455,{},{1398},1735
1456,"{1736, 1369, 18, 25}","{72, 15, 1366, 23, 1368}",1348
1457,{},{1737},1738
1458,{},{274},1739
1459,{69},"{1009, 23}",97
1460,{1085},"{993, 23}",97
1461,{343},"{1740, 23, 15}",25
1462,"{182, 23}","{1741, 63}",1210
1463,"{18, 571}","{72, 145, 23, 15}",25
1464,{18},"{72, 250}",777
1465,"{1742, 14}","{19, 102, 1743}",18
1466,{},{1550},1744
1467,{1540},"{1745, 767}",1746
1468,"{182, 23}","{1748, 63}",1747
1469,"{23, 15}","{1749, 143}",751
1470,"{573, 1326}","{19, 1238, 102}",18
1471,{1202},"{23, 1615}",97
1472,{431},"{72, 51}",18
1473,"{18, 1591}","{72, 23, 1750, 15}",25
1474,{23},"{113, 1197}",1751
1475,{175},"{1752, 10}",12
1476,{532},"{132, 1159}",98
1477,{1753},"{369, 214, 23}",25
1478,"{780, 23}","{1754, 19}",60
1479,{1199},"{97, 532}",98
1480,{15},"{745, 1349}",1251
1481,{1755},"{209, 799}",33
1482,{1756},"{96, 97, 922}",98
1483,{},{1223},1757
1484,"{18, 1758}","{19, 102, 1759}",9
1485,{},{472},1760
1486,"{118, 23}","{1424, 61}",481
1487,{},{1761},1762
1488,{},{816},1763
1489,{1479},"{152, 1370}",162
1490,{179},"{194, 143}",144
1491,{910},"{19, 260}",25
1492,{25},"{19, 979, 23}",48
1493,{},"{339, 854}",1764
1494,{},{1496},1765
1495,{365},"{112, 265, 97}",98
1496,"{157, 23}","{1345, 19}",18
1497,{},{1766},1767
1498,"{25, 18}","{1768, 72, 23, 15}",1433
1499,{23},"{65, 113}",1769
1500,{},{1425},1770
1501,{},{1531},1771
1502,{1139},"{1692, 23}",97
1503,{18},"{72, 43}",817
1504,{61},"{944, 118, 23}",1698
1505,{595},"{1728, 97, 596}",98
1506,{1772},"{25, 598, 790}",499
1507,"{25, 63}","{664, 182, 23}",663
1508,{},{122},1773
1509,{5},"{1774, 1775}",690
1510,{},{1638},1776
1511,{1777},"{1225, 214, 23}",1224
1512,{25},"{1778, 15}",1185
1513,{},{1679},1779
1514,"{22, 23}","{19, 1781}",1780
1515,"{1782, 23}","{65, 1229}",25
1516,{366},"{264, 23, 216}",25
1517,{},{1784},1783
1518,"{18, 1091}","{72, 1092, 23, 15}",25
1519,"{23, 1367}","{64, 1785}",75
1520,{},"{1786, 597}",1266
1521,"{118, 23}","{61, 751}",1629
1522,{1278},"{1372, 1788, 23}",1787
1523,{23},"{113, 1565}",5
1524,"{38, 23}","{497, 19}",837
1525,{98},"{97, 1266, 1789}",1786
1526,"{97, 18, 191}","{102, 19, 1790, 23}",33
1527,{},{618},1790
1528,{},{1791},1174
1529,{},{1792},1375
1530,"{514, 18}","{72, 1065, 23, 15}",25
1531,{268},"{97, 1509, 1711}",834
1532,{61},"{1793, 118, 23}",1124
1533,{},"{33, 210}",209
1534,"{22, 23}","{19, 1780}",947
1535,"{97, 18, 1139}","{1681, 19, 102, 23}",33
1536,{},{905},1013
1537,{},{1677},1794
1538,{1703},{1795},25
1539,"{83, 1796}","{65, 154, 701}",25
1540,{1797},"{96, 97, 191}",98
1541,{259},"{72, 1078, 23}",18
1542,"{65, 18}","{72, 15, 23, 25, 382}",1105
1543,{351},"{568, 132}",98
1544,{1178},"{72, 1062, 23}",18
1545,{},"{25, 703}",1741
1546,{},{950},1798
1547,{5},"{364, 52, 23}",992
1548,{},{1549},1799
1549,"{182, 23}","{865, 63}",1152
1550,{},{1234},1279
1551,{1474},"{1506, 23}",97
1552,"{433, 18, 1372}","{72, 19, 1278, 15}",25
1553,"{41, 18}","{72, 299, 23, 15}",25
1554,{18},"{72, 23, 727}",1513
1555,{1309},"{1424, 23}",97
1556,{},{1003},1800
1557,"{182, 23}","{1544, 63}",1443
1558,{182},"{23, 63, 631}",632
1559,{683},"{657, 1801}",1057
1560,"{18, 1381}","{72, 23, 286, 15}",25
1561,"{1802, 44}","{1803, 19, 102}",18
1562,{41},"{73, 1322}",1321
1563,{1804},"{25, 1611, 367}",306
1564,{},"{1805, 1806}",1807
1565,{},"{1808, 1810}",1809
1566,{1814},"{1811, 1812, 1815}",1813
1567,{1818},"{1816, 1812}",1817
1568,{1820},"{1819, 1821}",1822
1569,{1812},"{1824, 1817}",1823
1570,{1827},"{1826, 1828, 1812}",1825
1571,{},{1830},1829
1572,{},"{1832, 1833}",1831
1573,"{1820, 1838}","{1834, 1835, 1836, 1812}",1837
1574,{1820},"{1840, 1841, 1812}",1839
1575,{1842},"{1843, 1812, 1815}",1813
1576,{},{1845},1844
1577,"{1820, 1812}","{1808, 1847}",1846
1578,{},{1849},1848
1579,"{1817, 1852}","{1850, 1851, 1812}",1853
1580,{},{1854},1855
1581,{1857},"{1856, 1834, 1812}",1838
1582,{},{1858},1859
1583,{1838},"{1834, 1860, 1812}",1861
1584,{1863},"{1864, 1865}",1862
1585,{1868},"{1866, 1869}",1867
1586,"{1820, 1870}","{1836, 1871, 1872, 1812, 1815}",1813
1587,{1876},"{1873, 1875, 1812}",1874
1588,{1879},"{1812, 1877}",1878
1589,{1807},"{1880, 1806}",1863
1590,{1882},"{1881, 1812}",1817
1591,{},{1884},1883
1592,"{1820, 1838}","{1834, 1836, 1812, 1886}",1885
1593,{1888},"{1817, 1889, 1887}",1863
1594,{1891},"{1834, 1890}",1838
1595,{1820},{1892},1893
1596,{},{1895},1894
1597,"{1896, 1820}","{1834, 1819, 1836, 1812}",1838
1598,{1820},"{1872, 1840, 1812, 1898}",1897
1599,{},{1900},1899
1600,{1817},"{1812, 1901}",1902
1601,{},{1904},1903
1602,"{1905, 1812, 1815}","{1906, 1820, 1813}",1878
1603,{1807},"{1907, 1908}",1863
1604,{1812},"{1909, 1910}",1911
1605,{1812},"{1912, 1909}",1913
1606,{1915},"{1916, 1917}",1914
1607,{},"{1920, 1817, 1919}",1918
1608,{},{1921},1922
1609,{},{1924},1923
1610,{},{1925},1926
1611,"{1929, 1812}","{1930, 1855, 1927}",1928
1612,{1932},"{1817, 1931, 1933}",1863
1613,{1817},"{1812, 1934}",1935
1614,{1937},"{1936, 1938, 1915, 1812}",1917
1615,{},{1940},1939
1616,"{1838, 1943}","{1840, 1944, 1942}",1941
1617,{1820},"{1945, 1946, 1812}",1813
1618,{1948},"{1944, 1947, 1812}",1838
1619,"{1820, 1950}","{1834, 1812, 1836, 1949}",1838
1620,{},{1952},1951
1621,{1820},"{1953, 1954, 1812}",1955
1622,"{1956, 1812}","{1840, 1958}",1957
1623,{},{1960},1959
1624,{1962},"{1961, 1834}",1838
1625,"{1963, 1820}","{1834, 1964, 1836, 1812}",1838
1626,{},{1966},1965
1627,{},{1968},1967
1628,{1970},"{1896, 1969}",1863
1629,{1838},"{1834, 1971, 1812}",1901
1630,{1972},"{1820, 1974}",1973
1631,{},{1976},1975
1632,{1812},"{1977, 1909}",1978
1633,{},"{1980, 1836}",1979
1634,{1863},"{1864, 1981}",1982
1635,"{1984, 1983}","{1840, 1985, 1944}",1838
1636,{1988},"{1986, 1989}",1987
1637,"{1992, 1820, 1991}","{1840, 1834, 1836, 1990}",1838
1638,{1993},"{1994, 1834, 1812}",1838
1639,"{1817, 1867, 1995}","{1840, 1812, 1996, 1944}",1838
1640,{},{1861},1997
1641,{},{1999},1998
1642,{2000},"{2001, 2002, 1817}",1863
1643,{2003},"{1834, 2004, 1812}",1838
1644,"{1812, 1815}","{1813, 2006}",2005
1645,{2010},"{2008, 2011, 2007}",2009
1646,{1817},"{1812, 1935}",1934
1647,{2012},"{1840, 1978}",2013
1648,"{1928, 1812}","{1927, 2015}",2014
1649,{},{2017},2016
1650,{2018},"{1834, 1846}",1838
1651,"{1836, 2020}","{2019, 1812, 1815}",1813
1652,{},"{1920, 1817, 2022}",2021
1653,{1817},"{1812, 2023}",2024
1654,"{1820, 1910}","{2025, 1834, 1836, 1812}",1838
1655,{1820},{2026},2027
1656,{},{2029},2028
1657,{1817},"{1812, 2031}",2030
1658,"{1820, 1812}","{1808, 2032}",2033
1659,"{2034, 1812}","{1813, 1942}",1815
1660,{2036},"{2035, 1812, 1815}",1813
1661,{1915},"{1917, 2037}",2038
1662,"{2041, 1812}","{2040, 1909, 1941}",2039
1663,{2043},"{2042, 1812}",1817
1664,{},"{1820, 2045}",2044
1665,{},{2047},2046
1666,{},"{2049, 1820}",2048
1667,{},{2051},2050
1668,"{2052, 2054}","{1840, 1944, 2053}",1838
1669,{},"{1820, 2055}",2056
1670,"{2057, 2058}","{1912, 1840, 1944}",1838
1671,"{2059, 1820}","{1834, 2060, 1836, 1812}",1838
1672,{1838},"{1834, 1812, 2062}",2061
1673,{1836},"{1864, 2063}",2064
1674,{},{2065},2066
1675,"{2067, 1812}","{2068, 1909, 1941}",2039
1676,{},{2069},2070
1677,{2074},"{2072, 2073}",2071
1678,{2076},"{2077, 2007}",2075
1679,"{1867, 2078}","{1812, 1869, 1815}",1813
1680,{},{2080},2079
1681,{2083},{2081},2082
1682,{},{2085},2084
1683,{2086},"{1834, 2018}",1838
1684,{2088},"{1954, 2087}",2053
1685,{2089},"{1834, 2090}",1838
1686,{},{2092},2091
1687,{2095},"{1817, 2093, 2094}",1863
1688,{1817},"{2097, 1812}",2096
1689,{2099},{2098},1863
1690,{1867},"{1872, 2100}",1810
1691,{},{2101},2102
1692,{1817},"{1812, 2103}",2104
1693,{2105},"{1840, 1944}",1991
1694,"{1817, 2073}","{2074, 2107, 1863}",2106
1695,{},{2109},2108
1696,{1820},"{1836, 2110}",1944
1697,"{1820, 2111}","{2112, 1834, 1836, 1812}",1838
1698,"{1808, 1987}","{2113, 1834, 1836, 1812}",1838
1699,{2116},"{2115, 2007}",2114
1700,{1915},"{1917, 2118}",2117
1701,{2120},"{1864, 2119}",1863
1702,{1820},"{1808, 2122}",2121
1703,{},{2124},2123
1704,"{1820, 1812}","{1808, 1909, 2126}",2125
1705,{2127},"{1834, 1991}",1838
1706,{1820},"{2128, 1836}",1921
1707,{2131},"{2130, 1941}",2129
1708,{},{2099},2132
1709,{1869},"{2089, 2134}",2133
1710,"{2136, 1820}","{1834, 1836, 1812, 2135}",1838
1711,{2124},"{2138, 2139}",2137
1712,{},{2141},2140
1713,{1835},"{1941, 2142}",2143
1714,{},{2145},2144
1715,"{2146, 1820}","{1834, 2147, 1836, 1812}",1838
1716,{},{2149},2148
1717,{},"{2114, 1820}",2150
1718,{1820},"{2151, 2063}",2152
1719,{},{2154},2153
1720,{},{2156},2155
1721,{1863},"{1817, 2001, 2158}",2157
1722,{1820},"{1948, 1812, 2159}",2160
1723,{2161},"{1834, 1812, 2162}",1838
1724,"{2164, 1820}","{1834, 2163, 1836, 1812}",1838
1725,"{1820, 1838}","{1834, 1836, 1812, 2166}",2165
1726,{2168},"{1864, 2167}",1863
1727,{2169},"{1896, 1907}",1863
1728,"{2171, 1820}","{1834, 1836, 1812, 2170}",1838
1729,{},{2173},2172
1730,{},{2174},2109
1731,"{1928, 1812}","{2176, 1927}",2175
1732,{1863},"{2177, 1806}",1805
1733,{},{2179},2178
1734,"{2180, 1820}","{1834, 1812, 1836, 2181}",1838
1735,{1915},"{1917, 2183}",2182
1736,{},{1862},2184
1737,{1817},"{2185, 1812}",2101
1738,"{2186, 1820}","{1840, 2187}",2188
1739,{},"{2189, 2190}",2191
1740,{1820},"{2192, 2193, 1812}",2194
1741,{},{2196},2195
1742,{1863},"{1864, 2189}",2197
1743,"{2198, 2199}","{1840, 1944, 2200}",1838
1744,"{2188, 1820}","{2201, 1834, 1836, 1812}",1838
1745,{},{2203},2202
1746,{2204},"{1840, 2205}",2206
1747,"{1820, 1838}","{1834, 1836, 1812, 2207}",1925
1748,"{2209, 1820}","{2208, 1812, 1815}",1813
1749,{2210},"{2211, 2007}",1821
1750,{2002},"{1864, 2116}",1863
1751,{},{2213},2212
1752,"{1820, 2215}","{1872, 1812, 2214, 1815}",1813
1753,{},"{2216, 1820}",1980
1754,{2218},"{2217, 1812}",1817
1755,"{2220, 1820}","{2219, 1812, 1815}",1813
1756,{1938},"{2188, 1812}",2221
1757,{2225},"{2224, 2223}",2222
1758,{2226},"{1834, 1812, 2214}",1838
1759,{2227},"{1987, 2228}",1986
1760,{},{2229},2230
1761,"{1820, 1838}","{1834, 1836, 1812, 2231}",2141
1762,{1817},"{2105, 1812}",2232
1763,{2156},"{2076, 1812}",1817
1764,"{2234, 2236}","{2126, 1812, 2233, 2235, 1820}",1878
1765,{},"{1808, 2007}",2237
1766,"{1820, 1812}","{1808, 2239}",2238
1767,{2240},"{2241, 1834, 1812}",1838
1768,{},{2243},2242
1769,"{2244, 1820}","{1834, 1836, 1812, 2194}",1838
1770,"{1812, 1815}","{2036, 1813}",2245
1771,{},{2247},2246
1772,"{2249, 1820}","{2248, 1834, 1836, 1812}",1838
1773,"{1953, 1955}","{1840, 2250, 1944}",1838
1774,{},{2251},2252
1775,{1836},"{2065, 2253}",2032
1776,{2114},"{1836, 2254}",2255
1777,{},{2256},2257
1778,"{2088, 2054}","{1840, 1944, 1910}",1838
1779,"{2258, 1820}","{1834, 2259, 1836, 1812}",1838
1780,"{2260, 2262}","{1840, 1944, 2261}",1838
1781,{},{2264},2263
1782,"{2265, 1812}","{2266, 1927}",1928
1783,"{2267, 1820}","{1834, 2268, 1812, 1836}",1838
1784,{1867},"{1914, 1869}",2269
1785,{},{2271},2270
1786,{1867},"{1872, 1869}",2007
1787,{2272},"{1817, 1995, 1933}",1863
1788,{1817},"{2274, 1812}",2273
1789,{1820},"{1947, 1836, 1812}",2275
1790,{1820},"{1835, 1812, 2276}",2231
1791,{},{2278},2277
1792,{},{2280},2279
1793,{1817},"{1905, 1812}",2281
1794,{1820},"{1922, 2282}",2283
1795,{2284},{2285},1863
1796,{1820},"{2243, 2286}",1891
1797,{2287},"{2288, 1941}",2255
1798,{2292},"{2289, 2291, 1812}",2290
1799,"{1838, 2295}","{1840, 1944, 2294}",2293
1800,{2114},"{2296, 2007}",2297
1801,"{2299, 1820}","{2298, 2083, 1973}",1878
1802,{},{2300},2301
1803,{1817},"{1812, 2302}",2017
1804,{1820},"{2042, 1836}",2303
1805,{},{2305},2304
1806,"{2306, 1812}","{2307, 1927}",1928
1807,{2282},"{1834, 2308, 1812}",1838
1808,{1817},"{1812, 2310}",2309
1809,{2313},"{1984, 2311}",2312
1810,{2316},"{1817, 2314, 2315}",1863
1811,{1835},"{1891, 1812, 2318}",2317
1812,{2114},"{1921, 2007}",2319
1813,{1820},"{2320, 1971, 1812}",2160
1814,"{2321, 1820}","{1834, 1972, 1836, 1812}",1838
1815,{2323},"{2322, 1812}",1817
1816,{1863},"{1817, 2324, 2326}",2325
1817,{},{2327},2328
1818,{1817},"{1812, 2295}",1966
1819,{},{2330},2329
1820,{2331},"{1834, 2332, 1812}",1838
1821,"{2334, 2215}","{1834, 1812, 1836, 2333}",1838
1822,{},{1918},2335
1823,{1820},"{2336, 1836}",2337
1824,{2339},"{2338, 1909, 1815}",1813
1825,"{1953, 1838}","{1840, 2340, 1944}",2341
1826,{},{2343},2342
1827,"{1820, 1838}","{1888, 1834, 1836, 1812}",1957
1828,{},{2345},2344
1829,"{2346, 1812}","{2347, 1927}",1928
1830,{1812},"{2348, 1909}",1843
1831,{1820},"{1867, 1812, 2349}",1996
1832,{1836},"{1864, 1921}",2350
1833,{},{2168},2351
1834,{},{2353},2352
1835,{2354},"{2355, 1812}",1817
1836,"{2356, 1838}","{1834, 1836, 1812, 2358}",2357
1837,{},{2359},2360
1838,{},{2116},2361
1839,"{2362, 1820}","{1834, 2363, 1836, 1812}",1838
1840,{1863},"{2001, 2364, 1817}",2365
1841,"{1812, 1815}","{1813, 2367}",2366
1842,"{1838, 2334}","{2368, 1834, 1836, 1812}",1869
1843,{2370},"{2369, 1812}",1817
1844,{2371},"{2372, 1812}",1817
1845,{1812},"{1850, 1909}",2373
1846,{},{2375},2374
1847,{},{2376},2377
1848,{},{2379},2378
1849,"{1812, 2039}","{2380, 1909, 1941}",2381
1850,{},{2383},2382
1851,"{2385, 1812}","{2384, 1927}",1928
1852,{},{2387},2386
1853,{},{1893},2388
1854,{},"{1834, 1812, 2390}",2389
1855,{1812},"{1853, 1909}",1850
1856,{},{2189},2391
1857,{1812},"{2392, 1909}",2393
1858,{},{2395},2394
1859,{2396},"{1812, 2397}",1817
1860,{1838},"{1834, 2211, 1812}",2398
1861,{1836},"{1864, 2296}",2399
1862,{1820},"{2400, 2026}",1935
1863,{2098},"{2026, 1812}",1817
1864,{2081},"{2401, 1812, 1815}",1813
1865,{2403},"{2402, 1812, 1941}",2287
1866,"{2113, 2404, 1820}","{1987, 1956, 1834, 1836, 1812}",1838
1867,{},{2406},2405
1868,{1812},"{1817, 2407}",1830
1869,{},{2408},2409
1870,{2411},{2412},2410
1871,"{1873, 2082}","{1834, 1812, 1836, 2413}",1838
1872,{1820},"{2026, 2063}",2414
1873,"{1820, 2415}","{2416, 1834, 1836, 1812}",1838
1874,{},{2417},2418
1875,"{1915, 1812}","{1917, 1927}",1928
1876,"{2419, 1820}","{1979, 1836}",2114
1877,{},{2421},2420
1878,{1820},{2423},2422
1879,"{2425, 1867}","{2424, 1834, 1836}",1838
1880,{},{2006},2426
1881,{2428},"{2427, 1812, 1941}",1867
1882,"{1820, 1838}","{1834, 1836, 1812, 2430}",2429
1883,{},{2431},2432
1884,{2375},"{1864, 2085}",1863
1885,{2433},"{1928, 2434, 1812}",1927
1886,{},{2435},2436
1887,"{1928, 1812}","{2438, 1927}",2437
1888,{1836},"{2440, 2439}",2441
1889,{1812},"{2443, 1909}",2442
1890,{1812},"{1876, 1909}",1827
1891,{1820},"{2444, 1836}",2445
1892,"{1812, 1815}","{1813, 2446}",2447
1893,{2073},"{2449, 2074, 1820}",2448
1894,{1817},"{2282, 1812}",1960
1895,{2355},"{2450, 1812}",1817
1896,{},"{2452, 2007}",2451
1897,{1820},"{2330, 1836}",1957
1898,{1915},"{2049, 1917}",2453
1899,{},{1860},2454
1900,{},"{2020, 2007}",2455
1901,"{2113, 2122, 1820}","{1987, 2121, 1840, 1812, 1944}",1838
1902,{1812},"{2456, 1817}",2457
1903,"{2322, 1820}","{1834, 1836, 1812, 2458}",1838
1904,{1820},"{2460, 2198}",2459
1905,{},{1995},2461
1906,"{1820, 2463}","{1812, 2462, 1815}",1813
1907,{1820},"{1836, 2276}",2464
1908,{},{2466},2465
1909,{1890},"{1834, 1956}",1838
1910,{},{1821},2076
1911,"{1820, 1838}","{1834, 2467, 1836, 1812}",2468
1912,{2411},{2470},2469
1913,{1820},"{1891, 1812, 1957}",1958
1914,{2308},"{1815, 1812, 2471}",1813
1915,{},{2473},2472
1916,"{2475, 1812}","{1840, 2474}",2440
1917,{2476},"{1872, 2477}",1820
1918,{},{2479},2478
1919,{2480},"{2481, 2093}",1863
1920,{2177},{2482},1863
1921,{},"{1891, 2484}",2483
1922,"{1820, 1812}","{1808, 2125, 1909}",2485
1923,{},{2487},2486
1924,{},{2249},2488
1925,{},{2490},2489
1926,{2492},"{2105, 2491}",1838
1927,{},{2494},2493
1928,{2495},"{2496, 1812, 1815}",1813
1929,{2180},"{2497, 1954}",1845
1930,"{2498, 2499}","{1840, 2500, 1944}",1838
1931,"{1820, 1812}","{1808, 1909, 2502}",2501
1932,{},{2415},2503
1933,{},"{2505, 1820}",2504
1934,{2506},"{1812, 1868, 1815}",1813
1935,"{2376, 2507}","{1840, 2180, 1944}",1838
1936,{2001},"{1864, 2508}",1863
1937,"{1820, 1838}","{1834, 1812, 1836, 2373}",2509
1938,{1987},"{1986, 2510}",2511
1939,{},{2399},2512
1940,{1820},"{2513, 1836}",1989
1941,{},"{1820, 2118}",2514
1942,{2400},"{1834, 2515, 1812}",1838
1943,{},{1857},2516
1944,{},{2518},2517
1945,{1820},"{2521, 2519}",2520
1946,"{2523, 1822}","{2522, 1834, 1836, 1812}",1838
1947,"{2524, 1812}","{1817, 1909, 2223}",2222
1948,"{1820, 2526}","{1834, 1812, 1836, 2525}",1838
1949,{2276},"{2298, 1820, 2020}",2527
1950,"{1952, 2473}","{2528, 2107, 2229}",1863
1951,"{1897, 2122}","{1948, 2530, 1836, 1812}",2529
1952,{},{2531},2532
1953,{},{1981},2533
1954,"{1812, 1838}","{1840, 2535}",2534
1955,{2536},"{1993, 1812, 1815}",1813
1956,{},{2538},2537
1957,{},{2232},2539
1958,{1820},"{1891, 2540, 1812}",2317
1959,{1817},"{1812, 2286}",2541
1960,{},{2542},2543
1961,{1820},"{2544, 2521}",2545
1962,{2548},"{2547, 1972, 1812}",2546
1963,{},"{2078, 2007}",2549
1964,{2071},"{1815, 1909, 2007}",1813
1965,{2122},"{1836, 1812, 2551}",2550
1966,"{2552, 2298}","{1840, 2553, 1944}",1838
1967,{2555},"{2427, 2554, 2235, 1812}",2062
1968,{2556},"{1987, 2557}",2462
1969,{},{2341},2558
1970,{1820},"{2217, 1987}",2559
1971,{},{2561},2560
1972,{2562},"{1812, 2469}",1817
1973,{},{2563},2564
1974,{2348},"{1986, 2295}",1987
1975,{1820},"{1836, 2565}",1962
1976,"{1812, 1815}","{1813, 2310}",2014
1977,{2567},"{1834, 2566}",1838
1978,{1812},"{2569, 1909}",2568
1979,{},{2570},2390
1980,"{2082, 1820}","{1834, 2124, 1812, 1836}",1838
1981,{},{2572},2571
1982,"{1820, 1838}","{1834, 1812, 1836, 2573}",2397
1983,{},{2575},2574
1984,{2576},"{1864, 1902}",1863
1985,{1820},"{2180, 1836}",2059
1986,{},{2578},2577
1987,{1817},"{1812, 2462}",2557
1988,{},{2580},2579
1989,{2582},"{1820, 2581}",1973
1990,{2583},"{2584, 1834, 1812}",1838
1991,{2203},"{2001, 1817, 2375}",1863
1992,{2585},"{1834, 1847}",1838
1993,{1820},"{2026, 2525}",2439
1994,{},{1863},2586
1995,{2587},"{1828, 1812, 2223}",1827
1996,"{1812, 1878, 1815}","{2588, 1813}",2589
1997,{},{2591},2590
1998,{2592},"{2593, 1812, 1815}",1813
1999,{2595},"{2594, 1812}",1817
2000,{2596},{2597},1820
2001,{1820},"{2545, 1822}",2103
2002,{1820},"{2027, 1836}",2414
2003,{1820},"{1836, 2534}",2598
2004,"{2600, 1820}","{1834, 1836, 1812, 2599}",1838
2005,{},{2281},2601
2006,"{2507, 1838}","{1840, 2602, 1944}",1941
2007,{},{2604},2603
2008,"{1867, 2147}","{1834, 1836, 2154}",1838
2009,{},"{2316, 2189}",2314
2010,{},"{1820, 2605}",2592
2011,"{2609, 1827}","{1972, 1812, 2606, 2607}",2608
2012,"{2611, 1820}","{1834, 1836, 1812, 2610}",1838
2013,{2612},"{2289, 2290, 1812}",2292
2014,{2343},"{1864, 2613}",1863
2015,{2616},"{2106, 2614}",2615
2016,{},"{2618, 2020}",2617
2017,"{2507, 1838}","{1840, 2362, 1944}",1845
2018,{},{2508},2619
2019,{1817},"{2620, 1812}",2621
2020,"{2114, 1812}","{1838, 2007}",1834
2021,{2179},"{1812, 2622}",1817
2022,{2623},"{1817, 1933, 1887}",1863
2023,{1924},"{2624, 2007}",2114
2024,"{1928, 1812}","{2302, 1927}",2310
2025,{},{2373},2625
2026,{2627},"{2218, 2626}",2217
2027,{},"{2451, 1820}",2628
2028,{},{2630},2629
2029,{},"{1808, 2007}",2276
2030,"{1928, 2631}","{1812, 2614, 1927}",1878
2031,{1820},"{2632, 2082, 1812}",2633
2032,{2636},"{2289, 2634, 1812}",2635
2033,{},"{2241, 1820}",2637
2034,"{2473, 2639}","{2107, 2229, 2638}",1863
2035,{1820},"{2640, 1867, 1812}",2453
2036,"{2641, 2643}","{1840, 2642, 1944}",1838
2037,{},{2595},2644
2038,{},{2646},2645
2039,{},{2648},2647
2040,{2651},"{1954, 2650}",2649
2041,"{2076, 1838}","{1840, 2652, 1944}",2653
2042,"{1820, 1838}","{1873, 1834, 1836, 1812}",2654
2043,{},"{1840, 2655}",1838
2044,{1820},"{2656, 2105}",2607
2045,{1820},"{2657, 1833, 1812}",1877
2046,{},{2659},2658
2047,{2660},"{2250, 1909}",1812
2048,{2276},"{2298, 1820}",1823
2049,{},"{2034, 1820}",2661
2050,{},{2104},2662
2051,{2664},"{2665, 2666}",2663
2052,{2364},"{1864, 2098}",1863
2053,{},{2638},2667
2054,{},"{2020, 2007}",2241
2055,"{2668, 2671}","{2586, 2670}",2669
2056,{},{2672},2673
2057,{1812},"{1909, 2462}",1987
2058,{},{2120},2674
2059,{2676},"{1986, 2675}",1987
2060,{2003},"{1812, 2677}",1817
2061,{1820},"{1901, 2678}",1897
2062,{},{2333},2679
2063,{},{2681},2680
2064,"{1812, 2223}","{2616, 1817, 1820, 2222}",2614
2065,{},{2683},2682
2066,{2684},"{2563, 1836}",1820
2067,"{2523, 2076}","{1834, 1812, 1836, 2357}",1838
2068,{},{2686},2685
2069,"{2688, 1820}","{1834, 1836, 1812, 2687}",1838
2070,"{2689, 1812, 1815}","{2690, 1813}",1878
2071,{2691},"{1832, 1987, 2692, 1812}",2113
2072,{},{2694},2693
2073,"{1928, 1812}","{2696, 1927}",2695
2074,{2114},"{2283, 2007}",2697
2075,"{2699, 1820}","{1834, 1836, 1812, 2698}",1838
2076,{2700},"{1834, 1812, 2437}",1838
2077,{},{2524},2701
2078,{1820},"{1850, 2063}",2702
2079,{2051},"{1833, 1812}",1817
2080,{1991},"{1840, 2703}",1838
2081,{},{2321},2704
2082,{},{2157},2705
2083,{2706},"{2258, 1812}",1817
2084,{},"{2192, 2193}",2458
2085,{},"{1984, 1833}",2707
2086,{2708},"{2121, 1812}",1817
2087,{1817},"{1812, 2709}",2694
2088,{1827},"{1828, 1812, 2710}",2649
2089,{},{1907},2711
2090,"{2712, 1812}","{2546, 1813}",1815
2091,{1817},"{2714, 1812}",2713
2092,{2715},"{2716, 1812}",1817
2093,{},{2717},2477
2094,"{1820, 1812}","{1808, 2714}",2718
2095,{2721},"{1941, 2719}",2720
2096,{2722},"{2723, 1812}",1817
2097,{1812},"{2724, 1909}",1984
2098,{1869},"{1867, 2726}",2725
2099,{},{2218},2727
2100,{2728},"{2729, 1834, 1812}",1838
2101,{1820},"{2400, 2026}",2730
2102,{2732},"{1817, 2731, 2093}",1863
2103,{1817},"{1812, 2733}",2734
2104,{},"{2306, 1820}",2735
2105,{},"{2012, 2007}",2432
2106,"{2737, 1838}","{1840, 1944, 2736}",1941
2107,{2340},"{2738, 1954}",1955
2108,{1873},"{1867, 1812, 2739}",1869
2109,{},{2741},2740
2110,{},{2743},2742
2111,{2114},"{1922, 2007}",2744
2112,{1820},"{2340, 1836}",2745
2113,{2746},"{2641, 1812}",1817
2114,{},{2748},2747
2115,{2217},"{2218, 2749}",2408
2116,{1917},"{1938, 1915, 1812, 2750}",2573
2117,{},"{2596, 1820}",1842
2118,"{2752, 1817, 1867}","{1840, 1812, 1944, 2751}",1838
2119,"{2754, 1812}","{2753, 1909, 1941}",2039
2120,{1917},"{1915, 1938, 2755, 1812}",1949
2121,{2610},"{2026, 2439}",2525
2122,"{1986, 1867}","{2756, 1909, 1815}",1813
2123,{1817},"{1812, 2718}",2757
2124,{},{2699},2758
2125,{},{2760},2759
2126,{1817},"{1812, 2110}",2761
2127,{1838},"{2762, 1834, 1836, 1812}",1821
2128,{},{2541},2763
2129,{2764},"{1920, 1817, 2765}",2021
2130,"{1850, 2766}","{1840, 1944, 2767}",1838
2131,{},{2769},2768
2132,{},{2770},2771
2133,{2772},"{1817, 1995, 1837}",1863
2134,{},{2773},2676
2135,{},{2775},2774
2136,{2776},"{1817, 1837, 2278}",1863
2137,"{2547, 2460}","{1808, 2712, 1909, 1815}",1813
2138,{1812},"{2620, 1909}",2122
2139,"{2777, 1858}","{1840, 2778, 1944}",1838
2140,{},{2771},2779
2141,{2732},"{1817, 2780, 2093}",1863
2142,{1986},"{1987, 2782}",2781
2143,"{1820, 2719}","{1834, 2315, 1836, 1812}",1838
2144,"{1867, 2007}","{1869, 1909, 1815}",1813
2145,{1817},"{2240, 1812}",2173
2146,{1812},"{1909, 2007}",2072
2147,{},"{1867, 2134}",1869
2148,{1986},"{1987, 2463}",1874
2149,"{2073, 1812}","{2616, 1817, 2074, 1820}",2614
2150,"{1820, 2783}","{2083, 2460, 1973}",1878
2151,"{1820, 1812}","{1808, 2784}",2286
2152,"{2786, 1820}","{1808, 2785}",1812
2153,{},{2788},2787
2154,"{1820, 1838}","{1834, 2252, 1836, 1812}",2789
2155,{1863},"{1817, 2790, 2191}",2190
2156,{},"{2792, 2189}",2791
2157,{},{2794},2793
2158,{},{2795},2796
2159,"{1986, 1812}","{2009, 1909}",2008
2160,"{2058, 1838}","{1840, 1944, 2798}",2797
2161,{},{2297},2799
2162,{},{2722},2800
2163,{2143},"{2684, 1941}",2142
2164,"{2801, 1812}","{2287, 1927}",1928
2165,{1820},"{1944, 2802, 1812}",1813
2166,{1820},"{1836, 2398}",2211
2167,{2610},"{2026, 2803}",2686
2168,{1820},"{2657, 2217, 1812}",2804
2169,{},{2805},2806
2170,{2026},"{1867, 2807}",1869
2171,{1820},"{1808, 1823, 2007}",2298
2172,{2795},"{1864, 2808}",1863
2173,"{2810, 1820}","{2809, 1834, 1836, 1812}",1838
2174,{1873},"{1867, 1812, 2811}",1869
2175,{2812},"{2443, 2813}",2814
2176,"{1810, 1812}","{1909, 2815}",2007
2177,"{1817, 1867, 1931}","{1840, 2816, 1812, 1944}",1838
2178,{2817},"{1817, 2818}",1863
2179,"{2820, 1812}","{1817, 2819}",2821
2180,{},{2823},2822
2181,{1827},"{2825, 1828, 1812}",2824
2182,"{1812, 2143}","{2801, 1909, 1941}",2039
2183,{2826},"{1840, 2827}",1991
2184,{2828},"{1817, 2578, 1933}",1863
2185,{},{2031},2829
2186,{},{2364},2830
2187,{1836},"{2242, 2718}",1901
2188,"{1987, 2198}","{1834, 1836, 1812, 2831}",1838
2189,"{2353, 1820}","{1834, 1836, 1812, 1974}",1838
2190,{},{2833},2832
2191,"{1820, 2340}","{1834, 2314, 1836, 1812}",1838
2192,{},"{2217, 2007}",2834
2193,{},{2836},2835
2194,{},{2838},2837
2195,"{1812, 2839}","{1840, 2819, 1909}",2013
2196,{},{2841},2840
2197,{},"{2217, 2126}",1892
2198,{},{2842},2535
2199,"{2843, 1820}","{1834, 2260, 1836, 1812}",1838
2200,{2521},"{1834, 2115, 1812}",1838
2201,{},{1933},2844
2202,{2340},"{1812, 1828, 2845}",1827
2203,{1820},"{1836, 1812, 2846}",2239
2204,{1820},"{1891, 2684, 1812}",2847
2205,{2849},"{2848, 2581}",2582
2206,"{1820, 1870}","{1872, 1836, 1812, 1871}",1878
2207,{2850},"{1817, 2094, 2278}",1863
2208,"{2851, 1820}","{1809, 1834, 1836, 1812}",1838
2209,"{1898, 1820}","{1808, 2852}",1812
2210,{},"{1820, 2854}",2853
2211,{},{2797},2780
2212,{2855},"{2576, 1817}",1863
2213,{2858},"{2857, 2547, 1812}",2856
2214,{2724},"{1984, 2196}",2312
2215,"{2113, 1820}","{1840, 2859, 1987}",1991
2216,{2860},"{1840, 2862}",2861
2217,{},{2863},2864
2218,{},{2171},2865
2219,"{1808, 2866}","{1840, 1944, 1812, 1813}",1838
2220,{},"{2075, 1820}",2433
2221,{2868},"{2867, 1812, 1815}",1813
2222,{1817},"{1812, 2870}",2869
2223,{1817},"{1812, 2871}",2872
2224,{2274},"{2410, 1812}",1817
2225,{},{1921},2327
2226,"{2873, 1809}","{1840, 2874, 1944}",1838
2227,{},{2385},2875
2228,{},{2876},2877
2229,{},"{1820, 2878}",2347
2230,{},{2880},2879
2231,{},{2882},2881
2232,{2883},"{1834, 1836, 1812, 2215}",1838
2233,{1817},"{2884, 1812}",2149
2234,{1841},"{1834, 2885}",1838
2235,{},{2688},2886
2236,{1817},"{2888, 1812}",2887
2237,{2889},"{1834, 1812, 2890}",1838
2238,"{2891, 1812}","{1820, 2606, 1927}",1928
2239,"{2076, 1812}","{1867, 2892, 1909}",2893
2240,{},{2164},2894
2241,{},{2896},2895
2242,{},"{2897, 1820}",2898
2243,"{1820, 2900}","{1928, 2899, 1812}",1927
2244,{1927},"{1928, 1812, 2901}",2902
2245,{1944},"{2904, 1834}",2903
2246,{},{2906},2905
2247,{1948},"{1897, 1834}",1838
2248,{1820},"{2907, 1836}",2908
2249,"{2074, 1812}","{2073, 1927}",1928
2250,{1915},"{1917, 2909}",1866
2251,{1817},"{1812, 2911}",2910
2252,{2065},"{1840, 2529}",1991
2253,{2122},"{2912, 2073, 1812}",2074
2254,{2913},"{2210, 1834, 1812}",1838
2255,{2914},"{2107, 2556}",1863
2256,"{2569, 1820}","{2664, 1834, 1836, 1812}",1838
2257,{1820},"{2904, 1836, 1812}",2903
2258,"{2915, 2460}","{1840, 2916, 1944}",1838
2259,{1817},"{2033, 1812}",2917
2260,"{1820, 2372}","{1834, 1836, 1812, 2918}",1838
2261,{2412},"{1812, 2919}",1817
2262,{1812},"{2600, 1909}",2920
2263,{2923},"{2921, 1836, 1812}",2922
2264,{2924},"{1812, 2925}",1817
2265,"{1820, 1812}","{1808, 2065}",2105
2266,{},{2927},2926
2267,{},{2929},2928
2268,"{2113, 2930, 1820}","{1987, 1840, 1971, 1812, 1944}",1838
2269,{},{2931},2733
2270,{},{1896},2932
2271,"{1838, 1943}","{2600, 1840, 1944}",2933
2272,"{2620, 2934}","{1840, 1812, 1944, 2583}",1838
2273,{2193},"{1938, 1915, 1812}",1917
2274,{1817},"{1812, 2910}",2911
2275,{1817},"{1812, 2935}",2071
2276,"{2944, 1927, 2188, 1809, 2193, 1938, 1813, 2198, 2712, 2456, 2076, 2460, 1820, 2077, 1825, 2210, 1827, 1956, 1915, 2856, 2298, 2475, 1963, 1838, 1839, 2097, 2227, 1972, 1846, 1850, 2238, 2112, 1984, 2113, 2499, 1987, 2121, 2250, 1867, 2251, 2122, 2687, 2641, 2770, 2260, 2008, 2778, 2911, 2276, 2404, 2407, 1897, 2547, 2295, 2936, 2937, 2938, 2939, 2940, 2941, 2942, 2943}","{1840, 1834, 1836, 1812}",1808
2277,"{2945, 2276}","{1840, 2923, 1944}",1838
2278,{},{1865},2946
2279,"{2074, 1812}","{2073, 1813}",1815
2280,"{1812, 1815}","{1817, 1813, 2223}",2222
2281,{2292},"{2289, 2612, 1812}",2947
2282,{},{1902},2948
2283,{},{1851},2949
2284,{1820},{2071},1833
2285,{},{2951},2950
2286,{},{2870},2952
2287,{2724},"{2953, 1874}",1820
2288,{},{2955},2954
2289,{1817},"{2956, 1812}",2630
2290,{},{2627},2957
2291,{2818},"{1864, 2761}",1863
2292,"{1820, 2318}","{1834, 1836, 1812, 2958}",1838
2293,"{1812, 2039}","{1909, 1941, 2959}",2446
2294,{1817},"{2960, 1812}",2961
2295,{2248},"{1972, 1820, 2581}",2582
2296,{2962},"{1936, 1938, 2939, 1812}",1937
2297,"{1820, 2198}","{1834, 2963, 1836, 1812}",1838
2298,"{2358, 1838}","{2964, 1834, 1836, 1812}",2373
2299,"{1820, 1838}","{1834, 1836, 1812, 2439}",2965
2300,"{1976, 1820}","{2441, 1834, 1836, 1812}",1838
2301,{1863},"{1907, 2967}",2966
2302,{},{1882},2968
2303,{1820},"{2032, 1836}",2969
2304,{1820},"{1834, 1812}",2970
2305,"{1817, 2578, 1867}","{1840, 2971, 1812, 1944}",1838
2306,{},{2965},2972
2307,{},{2336},2973
2308,{2367},"{1834, 1812, 2974}",1838
2309,{1820},"{1836, 1812, 2214}",2975
2310,{},{2977},2976
2311,{2856},"{2978, 2547}",1832
2312,{},"{2979, 2189}",2732
2313,{1812},"{2980, 1909}",2901
2314,{1820},"{2105, 2698}",2110
2315,"{1820, 1838}","{2672, 1834, 1836, 1812}",2981
2316,{},{2983},2982
2317,{2984},"{2985, 2223}",2222
2318,{},{2002},2986
2319,{},{2457},2987
2320,{1863},"{1817, 2988, 2181}",2989
2321,{},{2991},2990
2322,"{2256, 1820}","{1834, 2459, 1836, 1812}",1838
2323,{1817},"{1812, 2007}",2383
2324,{},{2992},2201
2325,{2223},"{2993, 1812, 2222}",1878
2326,{},{2994},2995
2327,{2996},"{2362, 1909}",1812
2328,{1820},"{1836, 2998}",2997
2329,{},{3000},2999
2330,{1820},"{1953, 3001, 1812}",2341
2331,{},{2823},3002
2332,"{3003, 1812}","{2754, 1927}",1928
2333,{},"{3004, 1820}",3005
2334,{1838},"{1834, 1812, 2719}",3006
2335,{},{2757},3007
2336,{3008},"{3009, 1837, 1817}",1863
2337,"{2684, 1820}","{2480, 1834, 1836, 1812}",1838
2338,{},"{1916, 1820}",3010
2339,{1820},"{1891, 1812, 2719}",3011
2340,{},{2037},1996
2341,{2554},"{2555, 3012}",2082
2342,"{1820, 1838}","{2681, 1834, 1836, 1812}",3013
2343,{1817},"{1812, 3015}",3014
2344,"{2068, 1812}","{3016, 1927}",1928
2345,"{2777, 2591}","{1840, 1944, 2998}",1838
2346,{1812},"{2434, 1909}",2007
2347,{1972},"{2248, 1820}",1973
2348,{2176},"{1834, 1812, 2637}",1838
2349,{2276},"{1928, 3017, 1812}",1927
2350,{1880},"{1907, 2285}",1863
2351,"{1812, 1815}","{1813, 2223}",2222
2352,{},{3019},3018
2353,{},{2088},3020
2354,{},{3022},3021
2355,{3024},"{2089, 3023}",2280
2356,"{1820, 1838}","{3025, 1834, 1836, 1812}",2997
2357,{2022},"{1920, 1817, 2764}",2021
2358,{},"{1820, 1893}",2749
2359,{},{3027},3026
2360,"{3028, 1836}","{1928, 1812, 3029}",1927
2361,{2856},"{2547, 1812, 3031}",3030
2362,"{1817, 1867, 2278}","{1840, 1914, 1812, 1944}",1838
2363,{1836},"{2784, 2253}",1881
2364,"{3032, 1820}","{3033, 1812, 1815}",1813
2365,{},{3035},3034
2366,{3027},"{1812, 2589}",1817
2367,"{2897, 1812}","{2143, 1927}",1928
2368,"{1812, 1815}","{1813, 2302}",2015
2369,{},{2621},3036
2370,{1987},"{2464, 1986}",2471
2371,"{1812, 1815}","{1820, 1813, 2863}",2631
2372,{2588},"{1906, 1812, 1815}",1813
2373,{1817},"{1812, 3037}",2991
2374,{2159},"{1834, 1812, 1922}",1838
2375,{1817},"{2136, 1812}",3038
2376,{1820},"{1812, 2637}",3039
2377,{},{2083},3040
2378,{},{3042},3041
2379,{2411},{2396},3043
2380,{},{2312},3044
2381,"{1912, 1820}","{1834, 1812, 1836, 3045}",1838
2382,{1826},{2824},1878
2383,{},{2851},3046
2384,{},{2010},2432
2385,{},"{3048, 1820}",3047
2386,{},"{1907, 2940}",1807
2387,"{2380, 1812}","{2898, 1927}",1928
2388,{3050},"{3049, 1891, 1812}",2162
2389,{},{2639},3051
2390,{1820},"{2460, 2260}",3052
2391,"{2745, 1820}","{1834, 1812, 1836, 3053}",1838
2392,{2610},"{2441, 2026}",2439
2393,{1900},"{1864, 1817, 3022}",1863
2394,{1817},"{1812, 2133}",2741
2395,{2104},"{2169, 1969}",1863
2396,{},{2808},3054
2397,{2388},"{1828, 3055}",1827
2398,"{1812, 1815}","{2721, 1813}",2878
2399,{3056},"{1817, 2094, 1887}",1863
2400,"{3057, 2122}","{1840, 3058, 1944}",1838
2401,{3059},"{1986, 1812}",1817
2402,{},{3061},3060
2403,{},{2818},3062
2404,{1817},"{1812, 2071}",2935
2405,"{1820, 2798}","{1834, 2732, 1812, 1836}",1838
2406,{3049},"{3064, 1961, 1812}",3063
2407,{2243},"{3066, 2020}",3065
2408,"{3067, 1812}","{2331, 2678}",1838
2409,"{1820, 2359}","{1834, 1812, 1836, 2685}",1838
2410,{},{1824},3068
2411,{1838},"{1834, 2483, 1812}",3069
2412,"{2130, 1820}","{1834, 1836, 1812, 2663}",1838
2413,{2411},{2371},2450
2414,{1820},"{1953, 1835, 1812}",3070
2415,{},{3071},3072
2416,{},{2093},3073
2417,{1836},"{2440, 2441}",2686
2418,"{3009, 1867, 1817}","{1944, 1840, 1812, 2038}",1838
2419,{1817},"{3074, 1812}",1904
2420,"{3075, 1812}","{2504, 1927}",1928
2421,{},{3076},3077
2422,{},{2935},3078
2423,{1820},"{1867, 1812, 2054}",1914
2424,{2882},"{1812, 3079}",1817
2425,{1820},"{1840, 1948}",1947
2426,{1869},"{2041, 1867}",1941
2427,{},{3081},3080
2428,{1827},"{3082, 1828, 1812}",2569
2429,{},{2817},3083
2430,{1970},"{2520, 1812}",1817
2431,{2708},"{2107, 2047}",1863
2432,{},"{1872, 3084, 1812}",2418
2433,"{1812, 1815}","{1813, 1820, 2861}",3085
2434,"{1812, 3087}","{1840, 3086}",1838
2435,{1820},"{3089, 1836}",3088
2436,{1812},"{3091, 2076}",3090
2437,{2106},"{2616, 1812}",1817
2438,"{2955, 1820}","{2234, 1834, 1836, 1812}",1838
2439,{2925},"{1812, 3092, 1815}",1813
2440,{},{3006},3093
2441,{},{3095},3094
2442,{2092},"{2032, 1812}",1817
2443,"{2736, 1812}","{3096, 1909, 1941}",2039
2444,{2860},"{1840, 2186}",2862
2445,{3099},"{3097, 1812, 2007}",3098
2446,"{1817, 1867, 1887}","{1840, 1812, 3100, 1944}",1838
2447,{},{2311},3101
2448,{},"{2393, 1820}",3102
2449,{},{1837},3103
2450,{},{2169},3104
2451,{},{3106},3105
2452,"{3107, 1812}","{2131, 1927}",1928
2453,{},{2843},3108
2454,{2880},"{2098, 2167}",1863
2455,{},"{1820, 2909}",2868
2456,{},{2713},3109
2457,{},{1864},3110
2458,{},{2064},3111
2459,{3112},"{1834, 1812, 2598}",1838
2460,{3114},"{3113, 1812}",1817
2461,"{3115, 1820}","{1815, 1812, 2559}",1813
2462,"{1928, 1812}","{2176, 1927}",2310
2463,{1897},"{1834, 1948}",1944
2464,{},{3116},3117
2465,"{2122, 1838}","{1840, 2707, 1812, 1944}",3118
2466,{3119},"{1817, 1931, 1837}",1863
2467,{},{2556},3120
2468,{1908},"{1907, 2662}",1863
2469,"{2098, 1863}","{1817, 2069, 2223}",2222
2470,{3084},"{3121, 1820, 1836}",3089
2471,"{2216, 1812}","{1927, 2023}",1928
2472,{3122},"{2784, 1812}",1817
2473,{},{3123},2665
2474,{1836},"{1864, 1922}",1884
2475,{},{3124},2487
2476,{1820},"{2964, 1821}",2522
2477,{1818},"{1816, 2927}",3125
2478,{2166},"{3126, 3127}",2717
2479,{2812},"{3128, 2443}",2255
2480,{1863},"{1864, 2851}",3071
2481,{},{1818},3129
2482,{},{3131},3130
2483,{},{3133},3132
2484,{},"{1812, 2206, 2007}",3134
2485,{},{2611},3135
2486,{},{3070},3136
2487,"{3137, 1812}","{1808, 1909}",2334
2488,{},{3138},3139
2489,{},{2761},3140
2490,{1838},"{2617, 1834, 1812}",3141
2491,{},{2268},3142
2492,"{2938, 1820}","{1834, 1836, 1812, 2271}",1838
2493,{2940},"{1907, 3143}",1863
2494,{2836},"{2931, 1812}",1817
2495,{},"{3144, 2007}",3037
2496,{1812},"{3145, 1820, 1909}",2431
2497,"{1816, 1867}","{2153, 1834, 1836}",1838
2498,"{3146, 1812}","{3147, 1927}",1928
2499,"{1820, 3148}","{2193, 1834, 1836, 1812}",1838
2500,{1863},"{3009, 1933, 1817}",3149
2501,"{1812, 2039}","{1909, 1941, 2695}",3150
2502,"{1820, 3151}","{2170, 1812, 1815}",1813
2503,{},{2024},3152
2504,{},{2746},3153
2505,"{1941, 1838}","{1840, 3154, 1944}",2349
2506,{1850},"{1852, 1812}",1817
2507,{1820},"{2856, 1812}",3155
2508,{},{2043},3156
2509,{2602},"{1941, 3158}",3157
2510,"{1928, 1812}","{3159, 1927}",3096
2511,{},{3160},2292
2512,{3162},"{3161, 1834, 1812}",1838
2513,"{2332, 1812}","{1840, 3163}",1897
2514,"{2820, 1812}","{1817, 2223}",2222
2515,{1987},"{1834, 3164}",1838
2516,"{2467, 2236}","{1812, 2233, 2235, 1820, 3165}",1878
2517,{2166},"{1920, 1817, 2877}",2765
2518,{},{3167},3166
2519,{},"{1867, 2839}",3168
2520,{1820},"{1954, 2507, 1812}",1845
2521,{3169},"{1944, 3170, 1812}",3086
2522,{},{3172},3171
2523,{},{2509},3173
2524,"{3164, 1812}","{1836, 3174, 1927}",1928
2525,{},{3176},3175
2526,{2035},"{2618, 2007}",2114
2527,{2057},"{3177, 1954}",2798
2528,{},{3024},3178
2529,{},{2794},3179
2530,{},"{3107, 1820}",2287
2531,{1838},"{1834, 3180, 1812}",3181
2532,"{1928, 1812}","{1927, 3183}",3182
2533,"{2753, 1812}","{3005, 1927}",1928
2534,{},{2654},3184
2535,{2411},{3185},3015
2536,"{3186, 1812}","{2547, 1927}",1928
2537,"{3187, 1812}","{1840, 1909, 1990}",1991
2538,{2819},"{2449, 1820, 2821}",2448
2539,{1820},"{1867, 1812, 2507}",2971
2540,{3188},"{1817, 3138}",1863
2541,{3050},"{1891, 1812, 3190}",3189
2542,{2063},"{1928, 1812, 3039}",1927
2543,{},"{2432, 1836}",3191
2544,{},{2669},2166
2545,{1820},{2834},2055
2546,"{2841, 1820}","{3192, 1834, 1836, 1812}",1838
2547,{},{2426},3193
2548,{2756},"{3194, 1867}",2003
2549,{1820},"{3195, 1835, 1812}",2207
2550,{3196},"{1836, 3191}",2114
2551,{},{3198},3197
2552,"{2819, 1812}","{1820, 2821, 3199}",3200
2553,"{2097, 3202}","{1840, 3201, 1944}",1838
2554,"{2307, 1812}","{3075, 1909, 1941}",2039
2555,{1834},"{3203, 1820, 2581}",2582
2556,{1812},"{2778, 1909}",3204
2557,{2944},"{1859, 3205}",3206
2558,{2731},"{1817, 2093, 1933}",1863
2559,"{2392, 1812}","{1820, 1909, 3207}",1878
2560,{1820},"{3209, 1836}",3208
2561,{3210},"{2120, 1817}",1863
2562,{3211},"{2153, 3125}",1816
2563,{},"{2228, 1820}",3212
2564,{2538},"{2628, 1812}",1817
2565,{1817},"{2460, 1812}",3095
2566,{3099},"{3097, 2235, 1812}",3213
2567,{1820},"{2777, 1954, 1812}",1858
2568,{},{3214},3215
2569,{},"{3216, 1820}",3016
2570,{},{3218},3217
2571,{2076},"{2211, 2007}",2210
2572,{1817},"{3219, 1812}",1981
2573,{},{1806},3220
2574,{1813},"{1921, 1812, 1815}",3221
2575,{},{1992},2580
2576,{1817},"{1812, 3222}",2638
2577,{1977},{1825},1878
2578,{1817},"{2499, 1812}",1895
2579,"{1820, 3223}","{2888, 1909, 1973}",1878
2580,{2122},"{2912, 2217, 1812}",1833
2581,{},{2802},3106
2582,{},{2910},3224
2583,{3047},"{1812, 2269, 1815}",1813
2584,{1820},"{1808, 2793, 2007}",2416
2585,{},{2708},3225
2586,{},{3148},2411
2587,{3227},"{3226, 2547, 1812}",2856
2588,{1833},"{2217, 2221}",3207
2589,{3228},"{3229, 2007}",2114
2590,{},{3230},2359
2591,{},"{2072, 1820}",2626
2592,{3074},"{1812, 2078, 1815}",1813
2593,{1817},"{3232, 1812}",3231
2594,{2122},"{2912, 1812, 1973}",1878
2595,{1820},{1821},2762
2596,"{1820, 1927}","{1928, 2089, 1812}",2078
2597,{2280},"{2907, 3023}",2983
2598,"{1813, 2510}","{1836, 2445, 1812, 1909, 1815, 1820}",2437
2599,{},{3181},2622
2600,{},{2319},3233
2601,"{3219, 1820}","{1808, 1881}",1812
2602,{1835},"{3234, 1891, 1812}",3235
2603,"{1820, 1838}","{1944, 2922, 1836}",3236
2604,{2668},"{1812, 3237}",3238
2605,{},"{2451, 1820}",2871
2606,{},{3240},3239
2607,{2073},"{2074, 2838, 1863}",3241
2608,{},{1982},3242
2609,{2956},"{1972, 1812}",2548
2610,"{2852, 1812}","{3088, 1927}",1928
2611,{},{3244},3243
2612,{1835},"{3245, 1941}",1942
2613,{1867},"{1869, 2117}",3246
2614,{1820},"{1836, 1812, 3247}",2008
2615,{1813},"{3248, 1812, 1815}",2125
2616,{},{2429},3249
2617,{},{2615},3250
2618,{1820},"{3251, 1836, 1812}",3252
2619,{2788},"{2219, 1812}",1817
2620,{},{3254},3253
2621,{2610},"{1867, 3255}",1869
2622,{2100},"{3256, 2756}",2217
2623,{1820},"{1808, 2548, 2007}",3257
2624,{1863},"{1817, 2578, 2828}",2181
2625,{},{2963},3258
2626,{3138},"{1864, 2508}",1863
2627,"{3076, 1838}","{1840, 2649, 1944}",2349
2628,"{1820, 3222}","{3259, 1812, 1815}",1813
2629,"{2602, 1812}","{2346, 1909, 1941}",2039
2630,{1863},"{1817, 3260, 3262}",3261
2631,"{3232, 1820}","{1834, 1836, 2193, 1812, 2749}",1838
2632,{},{2057},3263
2633,"{3216, 1812}","{2736, 1927}",1928
2634,{2808},"{2276, 3023}",2280
2635,{2048},"{1812, 3246, 1815}",1813
2636,"{3264, 2236}","{2083, 1812, 2233, 2235, 1820}",1878
2637,"{2121, 3265}","{1840, 3266, 1944}",1838
2638,{3268},"{2289, 3267, 1812}",2402
2639,{3154},"{2540, 1941}",3269
2640,{1827},"{2073, 1828, 1812}",2819
2641,{2130},"{1834, 1812, 3270}",2842
2642,{},{1878},2473
2643,{},{2030},3271
2644,{},{3273},3272
2645,{1817},"{2640, 1812}",2648
2646,{},{3274},3275
2647,{1820},"{2737, 1867, 1812}",2751
2648,{2114},"{2536, 2007}",3042
2649,{3276},"{1817, 1995, 2094}",1863
2650,{2640},"{2089, 2453}",1869
2651,{},"{2937, 1812, 1807}",3277
2652,"{2312, 1820}","{1984, 1834, 1836, 1812}",1838
2653,{1817},"{1812, 1997}",3254
2654,{2236},"{2233, 1938, 2755, 1812}",1949
2655,{3278},"{1920, 1817, 2532}",2166
2656,{2675},"{1867, 1812, 3279}",1869
2657,{1840},"{1834, 2678}",1838
2658,{2615},"{2106, 2222, 1863}",2223
2659,"{2075, 1820}","{1867, 1812, 2597}",1869
2660,{1817},"{1812, 2237}",2421
2661,"{3280, 1820}","{1928, 1812, 3256}",1927
2662,{},{2098},3281
2663,"{1820, 1966}","{1834, 1836, 1812, 2295}",1838
2664,{},{2365},3282
2665,{2499},"{1987, 3283}",1986
2666,{2113},"{1987, 3134}",2432
2667,"{3081, 1820}","{1834, 2227, 1836, 1812}",1838
2668,{2236},"{1936, 2233, 1938, 1812}",1937
2669,"{1820, 3254}","{1834, 1812, 1836, 1997}",1838
2670,{},{3285},3284
2671,{3286},"{1834, 3203}",1838
2672,"{2721, 1812}","{1909, 1941, 3287}",2039
2673,{3035},"{2496, 1812}",1817
2674,{1820},"{1891, 1812, 3158}",3288
2675,{1863},"{1817, 1837, 2983}",2429
2676,{1889},"{1817, 1837, 1887}",1863
2677,"{2648, 1817, 1867}","{1840, 1944, 1812, 2453}",1838
2678,{1817},"{1812, 2775}",2943
2679,{},{1969},3289
2680,{},{2107},3290
2681,{1858},"{1954, 3291}",2998
2682,{2936},"{1817, 1931, 3292}",1863
2683,{},{3293},3294
2684,{},"{2189, 3261}",3262
2685,{1827},"{1828, 1812, 3295}",2250
2686,{1820},"{1808, 3102}",3296
2687,{},{2677},3297
2688,{1820},"{1834, 1812, 1838}",3298
2689,{2411},{2370},2960
2690,{1812},"{2820, 1909}",1872
2691,{3299},"{1961, 3300, 1812}",3279
2692,"{1820, 2094}","{1954, 1834, 1836, 1812}",1838
2693,{3192},"{2328, 1834, 1812}",1838
2694,{1987},"{1986, 1972}",1871
2695,"{1820, 3302}","{1834, 1812, 1836, 3301}",1838
2696,{1820},"{2128, 2063}",3303
2697,{2363},"{1817, 2578, 1844}",1863
2698,{1820},"{1948, 1812}",3304
2699,{2466},"{3305, 2007}",2114
2700,{},{2744},3306
2701,"{3307, 1812}","{2005, 1927}",1928
2702,{3229},"{1921, 1812, 1815}",1813
2703,"{2584, 1956}","{1840, 1891, 3308, 1812}",2198
2704,{2387},"{1812, 2829}",1817
2705,{3010},"{1812, 3309, 1815}",1813
2706,{2944},"{1817, 1859, 1887}",1863
2707,"{1867, 3310}","{3168, 1840, 1944}",1838
2708,{2292},"{2289, 2947, 1812}",3064
2709,{2484},"{1813, 1820, 3085}",1815
2710,"{2419, 1820}","{1815, 1812, 3311}",1813
2711,"{2074, 1812}","{1817, 2073}",2820
2712,"{2994, 1943}","{1840, 3312, 1944}",1838
2713,{},{2752},3313
2714,{},{2001},3314
2715,{},{3316},3315
2716,{2524},"{1872, 1812}",1817
2717,"{1838, 2054}","{1840, 2131, 1944}",1941
2718,{1817},"{2089, 1812}",3024
2719,"{1820, 1838}","{1834, 1836, 1812, 1938}",2805
2720,{1820},"{1836, 1812}",1840
2721,{1869},"{1867, 1812, 3318}",3317
2722,{},{2887},3319
2723,{},{3122},3320
2724,{1820},"{2337, 1891, 1812}",3321
2725,{2280},"{2775, 3023}",2943
2726,{1817},"{2280, 1812}",3023
2727,{2792},"{1888, 1817, 2791}",1863
2728,"{3322, 1820}","{2217, 1812, 1815}",1813
2729,{1836},"{3323, 2550}",3248
2730,{3324},"{1817, 2578, 1837}",1863
2731,"{1928, 1812}","{2934, 1927}",3325
2732,{1820},"{1836, 3006}",2719
2733,{1834},"{3256, 1838}",3326
2734,{},"{1820, 2037}",3327
2735,"{3328, 1820}","{2425, 1834, 1836, 1812}",1838
2736,{1820},"{2625, 2217}",3329
2737,{2122},"{2912, 1812, 2223}",2222
2738,{},{3331},3330
2739,{1820},"{1945, 2243, 1812}",3106
2740,{},{2917},3332
2741,"{3307, 1812}","{3333, 1813}",1815
2742,{2280},"{3256, 3023}",3198
2743,{2313},"{1874, 2311}",2247
2744,{1820},"{1812, 2974}",3334
2745,"{2505, 1812}","{2067, 1927}",1928
2746,{2683},"{2985, 1812}",1817
2747,{},"{1988, 1820}",2692
2748,"{1820, 1806}","{2762, 1834, 1836, 1812}",1838
2749,"{2802, 1812}","{1840, 1813}",1838
2750,{2145},"{2298, 1812}",1817
2751,{2492},"{1834, 1867, 1812}",1838
2752,{1986},"{1987, 3335}",3329
2753,"{1812, 1815}","{2176, 1813}",2175
2754,{1817},"{1812, 3254}",1997
2755,{1820},"{3336, 1836}",2510
2756,{},{1887},2671
2757,"{3337, 1820}","{1808, 2900, 1973}",1878
2758,{},{1931},3338
2759,{},{2924},3339
2760,{},{2167},3340
2761,{1820},"{2632, 2115}",3305
2762,{},{1987},2356
2763,"{2040, 1812}","{1927, 2735}",1928
2764,{},{2631},2518
2765,{3100},"{3048, 1917}",1915
2766,{},"{1820, 1870}",3341
2767,{},"{3003, 1820}",2696
2768,{1863},"{1817, 1931, 2094}",3342
2769,{3312},"{1954, 3343}",2933
2770,"{2114, 1820}","{2072, 1836, 1812}",1909
2771,{1820},"{2737, 1812, 1941}",2736
2772,"{2185, 1812, 1815}","{1820, 1813, 1879}",1878
2773,{2572},"{2583, 3023}",2280
2774,{1927},"{1928, 3017, 1812}",2237
2775,{2236},"{2273, 1938, 2233, 1812}",3344
2776,{},{2158},3345
2777,{2892},"{3346, 3347}",1827
2778,"{1820, 1812}","{1808, 2709}",2110
2779,{1827},"{1828, 1812, 1814}",2393
2780,{3344},"{2273, 1938, 1915, 1812}",1917
2781,{},{3114},3348
2782,{},{3350},3349
2783,{},"{3307, 1836}",2618
2784,{2979},"{2480, 1817, 2732}",1863
2785,{},{2914},3351
2786,{1956},"{1840, 3050}",3352
2787,{},{2864},3353
2788,{1820},"{1944, 2243, 1812}",1946
2789,"{3354, 1820}","{1834, 3355, 1836, 1812}",1838
2790,{2076},"{1987, 2007}",1986
2791,{},{2096},3356
2792,{1820},"{3352, 1836}",3357
2793,"{1820, 1838}","{1834, 1836, 1812, 3358}",1940
2794,"{1820, 3124}","{1834, 1836, 1812, 2487}",1838
2795,{3359},"{1941, 1957}",2446
2796,{1820},"{2192, 1812}",3170
2797,{2967},{3360},1863
2798,{2445},"{2210, 1812, 1815}",1813
2799,"{2490, 1820}","{1834, 1812, 1836, 2077}",1838
2800,{},"{1944, 1833}",2530
2801,"{3361, 1838}","{1840, 1944, 2381}",1941
2802,"{2651, 1838}","{1840, 2569, 1944}",2349
2803,{3163},"{1971, 1812, 2259}",3362
2804,{},{3059},3363
2805,{2114},"{3221, 2007}",2743
2806,{1820},"{2089, 2313}",2781
2807,"{3012, 1812}","{2082, 1927}",1928
2808,{1863},"{2808, 1817, 1837}",2141
2809,{1986},"{3145, 1987}",2641
2810,"{2113, 1986, 1812}","{1987, 1927}",1928
2811,"{2227, 1838}","{1840, 3364, 1944}",3365
2812,{2431},"{3283, 1909, 1815}",1813
2813,{2690},"{1815, 1812, 1879}",1813
2814,"{2292, 1820}","{2339, 1812, 1815}",1813
2815,{},{3188},3366
2816,"{1820, 2078}","{2089, 1812, 1815}",1813
2817,{},{2094},3367
2818,"{1817, 2073}","{2074, 3133, 1863}",3061
2819,{3368},"{1815, 1812, 3087}",1813
2820,"{3218, 1820}","{3369, 1834, 1836, 1812}",1838
2821,"{2499, 2198, 1838}","{3370, 2890, 2076, 1840, 1812, 1909, 1944, 1820}",2437
2822,{},{3372},3371
2823,{2276},"{1891, 1812, 1911}",3321
2824,{},{3112},3066
2825,"{3256, 1867}","{1834, 1836, 2100}",1838
2826,{},"{2240, 1820}",3373
2827,{1812},"{1820, 1909, 2527}",3374
2828,{2721},"{1941, 3375}",2789
2829,{},{2855},3376
2830,{3377},"{1817, 1837, 2093}",1863
2831,{},{1852},3378
2832,{1817},"{2408, 1812}",2749
2833,{},{2528},3379
2834,"{2770, 1820}","{1834, 2771, 1836, 1812}",1838
2835,{},{3381},3380
2836,"{2668, 2671}","{2586, 3383}",3382
2837,{2730},"{2880, 1812}",1817
2838,{1820},"{3384, 2105}",1828
2839,{},{2309},3385
2840,{1820},"{2777, 1835, 1812}",3386
2841,"{1818, 1820}","{1816, 1834, 1836, 1812}",1838
2842,{},{1934},3387
2843,{1812},"{1909, 2454}",2974
2844,"{2748, 1820}","{1834, 3388, 1812, 1836}",1838
2845,{1990},"{1992, 1812, 3390}",3389
2846,{1817},"{2395, 2196}",2312
2847,{2826},"{1867, 3391}",1869
2848,{2918},"{1938, 1915, 2354, 1812}",1917
2849,{1812},"{2100, 1909}",2345
2850,{2128},"{1921, 1834, 1812}",1838
2851,{1915},"{1917, 2605}",2751
2852,{},{2810},3392
2853,{1919},"{1920, 1817, 3393}",1918
2854,"{2513, 1820}","{2097, 1812, 1815}",1813
2855,{3394},"{1834, 1812, 2455}",1838
2856,{1836},"{1867, 3326}",2100
2857,{},{2651},3395
2858,{1820},"{1835, 2907, 1812}",2430
2859,{},{2613},3396
2860,{1816},"{2153, 2425}",2424
2861,{1863},"{1817, 2578, 2094}",3397
2862,{1897},"{1944, 2275, 1812}",1838
2863,{},{3398},2481
2864,{},{2933},3399
2865,"{2897, 1812}","{1813, 2143}",1815
2866,{},{3400},3401
2867,{1817},"{2122, 1812}",2047
2868,"{2896, 1820}","{1834, 3243, 1836, 1812}",1838
2869,"{2529, 1820}","{2930, 1812, 1815}",1813
2870,{3172},"{2760, 1817, 3381}",3402
2871,"{1867, 3259}","{1840, 3403, 1944}",1838
2872,{1986},"{2072, 1987}",2122
2873,{1820},"{1808, 1921}",2296
2874,"{2914, 1820}","{2113, 1834, 1836, 1812}",1838
2875,{},{2576},3404
2876,{1820},"{2276, 3087}",2192
2877,{},{2872},3405
2878,{},{2106},3406
2879,"{3369, 1986}","{2217, 3407, 1812, 1909, 2235}",1878
2880,{1820},"{1812, 2485}",2888
2881,{2632},"{2223, 2007}",2222
2882,{},{2139},3408
2883,{1817},"{2208, 1812}",3167
2884,{},{2526},3409
2885,{},{1964},3410
2886,"{1928, 1812}","{3212, 1927}",2815
2887,{3033},"{2289, 3299, 1812}",3128
2888,"{2369, 1820}","{1937, 1834, 1836, 1812}",1838
2889,{},{2350},3411
2890,{},{2468},3412
2891,"{3413, 1838}","{1840, 1944, 3414}",2077
2892,{1817},"{3043, 1812}",3415
2893,"{1820, 1813}","{2042, 1812, 1815}",3165
2894,{},{2066},3416
2895,{},{2636},3160
2896,"{1817, 1815}","{1928, 1812, 1813}",1927
2897,{},{3341},3417
2898,{},{2734},3418
2899,"{2379, 1820}","{1834, 3195, 1836, 1812}",1838
2900,{2611},"{3419, 2007}",2114
2901,{},"{3394, 1820}",2594
2902,{2143},"{2129, 1941}",2789
2903,{1820},"{1840, 2969, 1812}",2239
2904,{2756},"{1867, 1812, 2501}",1984
2905,{1817},"{3137, 1812}",3273
2906,{3308},"{3420, 1909}",1812
2907,"{2073, 1812}","{2074, 1820, 3199}",3200
2908,"{2891, 1812}","{1820, 1813, 2606}",1815
2909,{2042},"{2073, 2126}",2074
2910,{},{3009},3421
2911,{1881},"{1834, 1812, 3422}",1838
2912,"{1977, 1820, 1838}","{1825, 1834, 1836, 1812, 1815}",1813
2913,{},"{2020, 2078}",3423
2914,"{1820, 2919}","{3344, 1834, 1836, 1812}",1838
2915,{2124},"{3425, 2139}",3424
2916,{},{3386},3426
2917,{2114},"{3334, 2007}",2769
2918,{1863},"{1864, 2646}",2029
2919,{2171},"{2170, 1812}",1817
2920,{},{3065},1860
2921,"{1817, 3355}","{2771, 1863}",2473
2922,{},"{3427, 1820}",3159
2923,"{3000, 1820}","{1834, 1836, 1812, 3052}",1838
2924,"{3428, 2276}","{1840, 1944, 3429}",1838
2925,{2906},"{2632, 1812}",1817
2926,{},{2119},3430
2927,{1836},"{1864, 1835}",1837
2928,{1863},"{1817, 3009, 2094}",3431
2929,{1820},"{2296, 2089}",2115
2930,"{2156, 1820}","{1834, 1812, 1836, 2076}",1838
2931,"{1820, 1812}","{1808, 3252}",1897
2932,{2082},"{3012, 2267, 1820}",3432
2933,{1820},"{1856, 1891, 1812}",3235
2934,{1820},"{3433, 1836}",2930
2935,{},{3210},3434
2936,{2131},"{2337, 1941}",3435
2937,{1817},"{2786, 1812}",2119
2938,{1820},"{1808, 1987}",2113
2939,"{1812, 1815}","{2042, 1813}",2126
2940,{},{2197},3436
2941,{},"{2209, 2618}",3180
2942,"{1928, 1812}","{2853, 1927}",3287
2943,{1987},"{1986, 2858}",2338
2944,{1836},{2440},2390
2945,{1863},"{2482, 1907}",2285
2946,"{1987, 1838}","{1834, 1836, 1812, 3186}",2205
2947,{1863},"{1864, 2699}",3350
2948,{1820},"{1953, 1867, 1812}",2816
2949,{3331},"{1812, 3437}",1817
2950,{1863},"{1817, 1933, 2278}",3438
2951,{2940},"{2284, 1806}",1863
2952,"{3131, 1820}","{3264, 1834, 1836, 1812}",1838
2953,{},{3402},3439
2954,{},{3228},3440
2955,{1820},"{1954, 2058, 1812}",2057
2956,{},{1955},3292
2957,{},"{1907, 2966}",3441
2958,{3113},"{1815, 1909, 2007}",1813
2959,{3327},"{3442, 1812, 1815}",1813
2960,{},{3444},3443
2961,{1942},"{1856, 1941}",3245
2962,{},{3446},3445
2963,"{1915, 1812}","{1917, 1813}",1815
2964,{},"{1820, 1812, 3447}",3174
2965,"{3448, 1972}","{1840, 1944, 3030}",1838
2966,"{2714, 1820}","{1815, 1812, 3223}",1813
2967,"{1820, 1878}","{1808, 3307, 1973}",2980
2968,{},"{1820, 2447}",3183
2969,{1820},"{1954, 1812, 2349}",2651
2970,"{2096, 1820}","{2097, 1834, 1836, 1812}",1838
2971,{},"{3449, 3165}",3209
2972,{1820},"{2521, 3450}",2103
2973,{1817},"{3451, 1812}",3400
2974,"{1820, 1838}","{3001, 1834, 1836, 1812}",1933
2975,{1820},"{1873, 2082}",2413
2976,{},"{1808, 2078}",3079
2977,{2131},"{3452, 1941}",3375
2978,"{3234, 1820}","{1834, 1812, 1836, 3453}",1838
2979,"{1928, 1812}","{2661, 1927}",2959
2980,"{2113, 3454}","{1840, 1944, 3455}",1838
2981,{},{3456},3127
2982,{},{2697},3457
2983,{},{2111},3458
2984,{3050},"{1891, 1812, 2789}",3190
2985,{2264},"{2168, 2001, 1817}",1863
2986,"{2131, 1812}","{1941, 1909, 3182}",2039
2987,{},{3459},2666
2988,{},{2052},3460
2989,{1820},"{2058, 1867, 1812}",2182
2990,{},{2557},3461
2991,{},"{1820, 2183}",2506
2992,{},{3040},3462
2993,"{1874, 1987}","{3337, 1834, 1836, 1812}",1838
2994,{},{3464},3463
2995,{},{3162},3465
2996,{},{2452},3466
2997,{1986},"{3322, 1987}",2462
2998,{1820},"{2545, 1819}",2520
2999,{1820},"{2105, 3467}",1875
3000,{1863},"{1817, 2093, 3263}",3045
3001,{2791},"{3205, 2590}",3206
3002,{},{3230},3468
3003,{2668},"{1812, 3469}",3354
3004,"{1820, 1838}","{1834, 1836, 1812, 3470}",2406
3005,{1863},"{1864, 1895}",2575
3006,{},{3241},3471
3007,{},{2000},3472
