reaction id,source,destination
1,"{1, 3}","{0, 2, 4}"
2,"{2, 7}","{5, 6}"
3,"{10, 11}","{8, 9, 5}"
4,{13},{12}
5,"{16, 14}","{5, 15}"
6,"{17, 19, 14}","{18, 5, 20, 21}"
7,"{24, 22}","{25, 5, 23}"
8,"{26, 27}","{28, 29}"
9,"{33, 30}","{32, 34, 5, 31}"
10,"{35, 37}","{36, 38}"
11,"{2, 39}","{40, 5}"
12,"{42, 43}","{41, 44}"
13,"{45, 47}","{48, 5, 46}"
14,{49},{50}
15,"{52, 5}","{51, 53}"
16,"{2, 54}","{5, 55}"
17,"{56, 14}","{57, 18}"
18,{58},{59}
19,"{17, 60}","{5, 61, 21}"
20,"{64, 17, 62}","{65, 66, 63}"
21,{67},{68}
22,{70},{69}
23,"{72, 2}","{5, 71}"
24,"{74, 2}","{73, 5}"
25,"{17, 76, 14}","{5, 18, 75, 21}"
26,"{5, 77, 79}","{80, 66, 78, 14}"
27,"{82, 2}","{81, 5}"
28,"{17, 83, 14}","{18, 5, 84, 21}"
29,{85},"{86, 14}"
30,"{3, 87}","{88, 89}"
31,"{90, 91}","{92, 29}"
32,"{93, 14}","{18, 94}"
33,{96},{95}
34,"{98, 14}","{97, 18}"
35,"{11, 100}","{9, 99, 101}"
36,"{17, 102, 14}","{18, 5, 21, 103}"
37,"{2, 50}","{90, 5}"
38,"{104, 9, 5}","{105, 11}"
39,"{3, 107}","{106, 2, 108}"
40,"{2, 110}","{5, 109}"
41,"{17, 111}","{112, 5, 21}"
42,{114},"{113, 18}"
43,"{17, 116, 92}","{5, 18, 115, 21}"
44,"{17, 118, 14}","{5, 117, 18, 21}"
45,"{120, 5}","{2, 119}"
46,"{121, 2}","{19, 5}"
47,"{124, 125}","{3, 122, 123}"
48,"{128, 126}","{129, 3, 127}"
49,{131},"{130, 14}"
50,"{11, 132}","{9, 5, 133}"
51,{136},"{134, 135}"
52,"{17, 138, 14}","{137, 18, 5, 21}"
53,"{17, 139, 55}","{66, 140, 63}"
54,{142},{141}
55,"{144, 145, 5}","{146, 143}"
56,"{17, 147, 149}","{18, 5, 148, 21}"
57,"{11, 14}","{5, 150, 151}"
58,{152},{153}
59,{155},{154}
60,"{158, 159}","{156, 157}"
61,"{161, 3}","{160, 88}"
62,{163},"{162, 14}"
63,"{165, 14, 143}","{144, 164, 5}"
64,"{116, 167}","{168, 5, 166}"
65,"{17, 170, 171}","{169, 66, 63}"
66,"{172, 173}","{5, 174, 135}"
67,"{17, 14, 175}","{176, 18, 5, 21}"
68,"{177, 47}","{178, 5, 46}"
69,"{2, 180}","{179, 5}"
70,"{9, 5, 182}","{11, 181}"
71,"{9, 27, 5, 183}","{184, 11, 14}"
72,{185},{186}
73,"{187, 189}","{188, 63}"
74,"{9, 27, 5, 191}","{11, 190}"
75,"{193, 2}","{192, 5}"
76,{195},{194}
77,"{17, 2, 197, 198}","{66, 196, 5, 63}"
78,{200},{199}
79,"{17, 201}","{202, 5, 21}"
80,"{204, 5, 36}","{203, 37, 14}"
81,"{205, 14}","{18, 206}"
82,"{208, 209}","{210, 207}"
83,"{212, 14}","{211, 213}"
84,"{17, 214, 14}","{18, 5, 21, 215}"
85,"{216, 217, 17}","{218, 66, 63}"
86,"{17, 219}","{220, 21}"
87,"{17, 222, 14}","{5, 18, 21, 221}"
88,{225},"{224, 223}"
89,"{227, 135}","{226, 5, 14}"
90,"{17, 228, 14, 230}","{66, 5, 229, 92, 63}"
91,"{3, 231}","{232, 233, 2}"
92,"{234, 14}","{235, 5, 23}"
93,"{56, 17, 14}","{18, 5, 236, 21}"
94,{238},{237}
95,"{240, 2}","{5, 239}"
96,{241},{242}
97,"{9, 243, 5}","{11, 244}"
98,"{5, 245}","{101, 246}"
99,{248},{247}
100,"{250, 2}","{249, 5}"
101,{252},{251}
102,"{253, 14}",{254}
103,"{258, 5, 255}","{256, 257, 101}"
104,"{144, 259, 5}","{260, 143}"
105,"{261, 14, 143}","{144, 5, 262}"
106,{264},"{14, 263}"
107,"{265, 47}","{5, 125, 46}"
108,"{3, 267}",{266}
109,"{17, 5, 269}","{268, 63}"
110,"{144, 5, 270}","{143, 271}"
111,{273},{272}
112,{275},{274}
113,"{2, 276}","{5, 277}"
114,{278},{148}
115,"{280, 279}","{98, 135}"
116,{281},{282}
117,"{2, 283}","{32, 5}"
118,{285},{284}
119,"{5, 287}","{101, 286}"
120,"{290, 3}","{288, 289, 2}"
121,"{18, 291}","{292, 293}"
122,"{11, 294, 14}","{9, 5, 295}"
123,"{17, 43, 14}","{296, 18, 5, 21}"
124,"{17, 298}","{297, 5, 21}"
125,"{144, 299, 5}","{300, 143}"
126,"{302, 271}","{301, 270, 14}"
127,"{304, 5, 125}","{2, 123, 14, 303}"
128,"{17, 307, 305}","{306, 5, 66, 63}"
129,"{3, 310}","{308, 309}"
130,"{312, 17, 257}","{66, 63, 311}"
131,{314},{313}
132,{315},{316}
133,"{2, 317}","{5, 318}"
134,"{17, 14, 319}","{320, 18, 5, 21}"
135,"{321, 2}","{130, 5}"
136,"{3, 323}","{88, 322}"
137,"{324, 134}","{325, 63}"
138,"{11, 326}","{9, 194, 5}"
139,"{328, 327}","{156, 116, 5}"
140,{329},{308}
141,"{17, 51, 53}","{5, 14, 145, 18, 21}"
142,"{330, 66}","{331, 21}"
143,"{333, 335}","{332, 334}"
144,{336},{337}
145,{338},"{282, 14}"
146,{339},{340}
147,{341},{342}
148,"{47, 343}","{344, 5, 46}"
149,"{345, 17, 14}","{5, 346, 18, 21}"
150,"{2, 347}","{348, 5}"
151,"{5, 350, 351}","{352, 349}"
152,"{353, 17}","{354, 5, 21}"
153,"{17, 355, 357}","{66, 356, 63}"
154,{308},{51}
155,"{358, 359}","{360, 18, 5}"
156,{362},{361}
157,"{364, 5, 14}","{363, 51}"
158,"{92, 365}","{90, 366}"
159,{368},{367}
160,{297},{369}
161,{370},"{371, 14}"
162,"{358, 14}","{18, 5, 62}"
163,"{372, 38, 14}","{26, 5, 197}"
164,"{9, 374, 375}","{376, 66, 11, 373}"
165,{162},"{377, 135}"
166,{379},{378}
167,"{2, 380}","{5, 381}"
168,"{17, 286, 383}","{66, 382, 63}"
169,"{384, 17, 385}","{66, 63, 386}"
170,{387},{388}
171,{389},{390}
172,"{392, 17, 14}","{18, 5, 21, 391}"
173,"{394, 2}","{393, 5}"
174,"{122, 2, 36}","{3, 308, 37}"
175,"{144, 396, 5}","{395, 143}"
176,"{17, 398}","{5, 21, 397}"
177,"{400, 11, 14}","{9, 5, 399}"
178,"{402, 372}","{401, 197}"
179,"{17, 147, 372}","{5, 18, 403, 21}"
180,"{404, 197}","{372, 405}"
181,"{14, 407}","{408, 406}"
182,"{409, 410, 5}","{411, 63}"
183,{354},"{224, 412}"
184,"{416, 413}","{5, 414, 415}"
185,"{418, 3}","{361, 417}"
186,"{17, 364}","{66, 5, 21}"
187,{421},"{419, 420}"
188,{423},{422}
189,"{27, 125}","{424, 123, 5}"
190,"{426, 2}","{425, 5}"
191,"{18, 427}","{210, 410}"
192,"{17, 428, 14}","{18, 5, 21, 429}"
193,{431},{430}
194,"{432, 91, 435}","{433, 434, 18, 5}"
195,{437},{436}
196,{439},{438}
197,{441},{440}
198,"{443, 14, 279}","{442, 18}"
199,{445},{444}
200,"{3, 447}","{2, 68, 446}"
201,"{448, 14}","{40, 449}"
202,{451},{450}
203,"{2, 453}","{452, 5}"
204,{455},{454}
205,"{457, 14}","{456, 458}"
206,"{372, 207}","{459, 197}"
207,"{144, 5, 461}","{460, 143}"
208,"{77, 463}","{80, 66, 462}"
209,{465},{464}
210,{466},{276}
211,"{426, 405}","{197, 167}"
212,"{17, 417, 14}","{5, 458, 18, 21}"
213,"{17, 467, 14}","{208, 18, 5, 21}"
214,{468},{469}
215,"{432, 5, 14}","{51, 470}"
216,{472},{471}
217,{474},{473}
218,"{5, 475, 477}","{476, 63}"
219,"{144, 5, 478}","{143, 479}"
220,"{480, 2}","{5, 118}"
221,"{482, 271}","{481, 270}"
222,"{3, 484}","{0, 2, 483}"
223,"{5, 334}","{448, 101}"
224,"{485, 14}","{5, 166, 486}"
225,"{432, 5, 487}","{488, 63}"
226,{489},{0}
227,"{17, 490, 197}","{18, 491, 21}"
228,"{9, 492, 5}","{11, 493}"
229,"{432, 66}","{433, 21}"
230,{495},{494}
231,{136},{496}
232,"{90, 498}","{497, 92}"
233,"{17, 499, 14}","{18, 5, 500, 21}"
234,"{501, 14}","{502, 207}"
235,{504},{503}
236,"{105, 18, 5}","{257, 505}"
237,{507},{506}
238,"{508, 47}","{5, 509, 46}"
239,"{144, 5, 511}","{510, 143}"
240,"{513, 92}","{512, 90}"
241,"{514, 279}","{18, 515}"
242,"{9, 516, 5}","{11, 243}"
243,{518},{517}
244,{520},{519}
245,"{57, 523}","{521, 522}"
246,{526},"{5, 524, 525}"
247,{527},"{528, 14}"
248,{530},{529}
249,{531},{175}
250,"{92, 533}","{90, 532}"
251,"{169, 534}","{44, 535}"
252,{536},{537}
253,"{24, 17, 539}","{66, 538, 63}"
254,{540},{377}
255,"{197, 17, 541}","{66, 542, 63}"
256,"{17, 436, 14}","{18, 5, 21, 543}"
257,{544},{545}
258,"{403, 47}","{546, 46}"
259,"{548, 381}",{547}
260,{550},{549}
261,"{432, 551}","{433, 5, 246}"
262,{552},{499}
263,{553},{332}
264,{555},{554}
265,"{556, 14}","{257, 5, 557}"
266,"{258, 395, 5}","{257, 101, 558}"
267,"{560, 17}","{21, 559}"
268,"{17, 561}","{562, 5, 21}"
269,{563},{88}
270,"{17, 564}","{5, 565, 21}"
271,{566},{317}
272,"{172, 567}","{568, 5, 174}"
273,"{192, 548}",{569}
274,"{5, 571, 187}","{570, 63}"
275,"{572, 14}",{573}
276,"{574, 279}","{406, 135}"
277,"{17, 575}","{576, 5, 21}"
278,"{577, 578, 2}","{579, 5, 286}"
279,"{258, 5, 581}","{257, 580, 101}"
280,"{144, 5, 583}","{582, 143}"
281,"{585, 18}","{584, 73}"
282,"{587, 279}","{586, 135}"
283,"{588, 589}","{2, 76, 590}"
284,{592},{591}
285,"{595, 596, 597}","{593, 594}"
286,"{469, 14}","{5, 598, 359}"
287,"{600, 14}","{200, 599}"
288,{602},{601}
289,"{3, 604}","{2, 603, 483}"
290,{606},{605}
291,"{14, 607}","{5, 557, 197}"
292,"{608, 9, 5}","{11, 556}"
293,"{448, 335}","{609, 334}"
294,"{3, 612}","{2, 611, 610}"
295,{613},"{162, 14}"
296,{615},{614}
297,"{18, 395, 5}","{616, 257}"
298,"{617, 3}","{618, 430}"
299,"{619, 143}","{144, 620, 5}"
300,"{91, 621}","{166, 5, 622}"
301,{624},{623}
302,"{17, 626, 257}","{625, 66, 63}"
303,"{627, 14}","{432, 63}"
304,"{629, 14}","{628, 630}"
305,{631},{632}
306,"{634, 5}","{633, 101}"
307,"{249, 27, 5, 9}","{635, 11}"
308,"{27, 637, 391}","{5, 38, 14, 568, 636}"
309,"{349, 638}","{350, 639}"
310,"{5, 15}","{16, 14}"
311,"{640, 144, 5}","{641, 143}"
312,{642},{643}
313,"{644, 14}","{51, 91}"
314,{645},{646}
315,{648},"{647, 5, 599}"
316,{650},{649}
317,"{17, 651, 230}","{66, 652, 63}"
318,{653},{232}
319,"{654, 158}","{355, 157}"
320,"{570, 14}","{571, 5, 23}"
321,"{11, 655}","{656, 9, 5}"
322,"{658, 2}","{657, 5}"
323,"{17, 659, 14}","{18, 5, 660, 21}"
324,{661},{611}
325,"{144, 540, 5}","{662, 143}"
326,"{17, 14, 663}","{18, 5, 60, 21}"
327,"{665, 3}","{664, 2, 483}"
328,"{666, 14}","{355, 55}"
329,"{488, 5, 432}","{667, 63}"
330,"{147, 452, 5}","{51, 101}"
331,{503},{668}
332,{669},{670}
333,"{672, 9, 5}","{11, 671}"
334,"{674, 350}","{32, 673, 5, 349}"
335,"{17, 676, 14}","{5, 18, 675, 21}"
336,"{144, 5, 677}","{678, 143}"
337,"{680, 17, 14}","{18, 5, 21, 679}"
338,{682},{681}
339,{684},{683}
340,"{5, 14, 685}","{51, 101, 686}"
341,"{688, 138}","{257, 687}"
342,"{432, 689, 5}","{690, 63}"
343,"{11, 691}","{9, 5, 365}"
344,"{17, 692, 693}","{66, 694, 63}"
345,"{697, 698}","{696, 5, 695}"
346,"{138, 581}","{257, 699}"
347,"{17, 554, 14}","{18, 5, 700, 21}"
348,"{28, 271}","{14, 270}"
349,"{3, 701}","{233, 2, 483}"
350,"{2, 175}","{176, 5}"
351,"{17, 178, 11, 14}","{5, 9, 265, 18, 21}"
352,"{704, 17, 702}","{18, 5, 21, 703}"
353,{705},{706}
354,"{3, 708}","{2, 707, 68}"
355,{710},{709}
356,{711},{707}
357,"{14, 399}","{92, 166}"
358,"{712, 11}","{9, 101, 135}"
359,"{713, 3}","{714, 2, 715}"
360,"{717, 279}","{716, 135}"
361,{719},{718}
362,"{48, 28}","{720, 14}"
363,"{721, 17}","{722, 21}"
364,{723},{231}
365,{725},"{724, 5, 14}"
366,"{144, 5, 727}","{726, 143}"
367,"{17, 454, 14}","{728, 18, 5, 21}"
368,"{196, 14}","{729, 5, 197}"
369,"{144, 730, 5}","{731, 143}"
370,{733},"{732, 135}"
371,"{2, 734}","{5, 735}"
372,"{272, 737, 2}","{736, 3}"
373,{328},{601}
374,"{738, 258, 5}","{257, 101, 677}"
375,"{77, 78}","{80, 66, 487}"
376,"{432, 17, 739, 14}","{433, 18, 740, 63}"
377,"{18, 5, 581}","{257, 358}"
378,{300},"{741, 14}"
379,"{64, 742}","{44, 743}"
380,"{11, 149, 14}","{9, 5, 565, 599}"
381,"{17, 229}","{433, 21}"
382,{744},{745}
383,"{432, 747, 5}","{746, 63}"
384,{749},{748}
385,{750},{425}
386,{751},{708}
387,{752},{753}
388,"{17, 754}","{5, 755, 21}"
389,{756},{757}
390,{758},{759}
391,"{152, 760}","{761, 246}"
392,{763},{762}
393,"{258, 764, 5}","{257, 101, 727}"
394,"{766, 767}","{696, 765, 5}"
395,"{769, 3}","{768, 233, 2}"
396,"{771, 372}","{770, 197}"
397,"{2, 772}","{160, 5}"
398,"{556, 5}","{257, 773}"
399,"{91, 292}","{18, 5, 774}"
400,"{775, 279}","{194, 135}"
401,"{776, 17, 14}","{5, 18, 427, 21}"
402,"{778, 508}","{777, 44}"
403,"{525, 526}","{779, 524, 5}"
404,"{194, 14}","{408, 18}"
405,{780},{781}
406,"{17, 782, 14}","{18, 5, 21, 783}"
407,{784},{39}
408,"{144, 788, 47}","{5, 143, 48, 785, 786, 787}"
409,{789},{534}
410,"{122, 2}","{5, 303}"
411,{320},"{420, 790}"
412,"{792, 3}","{88, 791}"
413,"{11, 14, 223}","{793, 5, 9}"
414,{794},{198}
415,"{17, 795}","{5, 796, 21}"
416,{798},{797}
417,"{349, 607}","{528, 350}"
418,"{800, 14}","{120, 799}"
419,{801},{42}
420,{802},{803}
421,{24},"{51, 135}"
422,{804},{805}
423,{806},{159}
424,"{144, 808}","{143, 5, 807}"
425,{17},"{809, 63}"
426,"{672, 11, 14}","{9, 5, 166}"
427,{811},{810}
428,"{3, 812}","{0, 2, 611}"
429,"{2, 814}","{5, 813}"
430,"{3, 815}","{88, 574}"
431,{817},{816}
432,"{625, 258, 5}","{257, 101, 583}"
433,"{818, 3}","{289, 2, 819}"
434,"{821, 279}","{820, 135}"
435,"{17, 740}","{5, 21, 822}"
436,"{36, 823}","{824, 37, 14}"
437,"{826, 36}","{825, 37, 14}"
438,"{2, 827}","{828, 5}"
439,"{2, 830}","{5, 829}"
440,"{2, 831}","{832, 5}"
441,"{834, 2}","{833, 5}"
442,"{17, 835, 14}","{5, 18, 323, 21}"
443,{836},"{837, 14}"
444,"{73, 27, 5, 9}","{11, 838}"
445,"{840, 17, 14}","{18, 5, 21, 839}"
446,"{841, 188}","{138, 5, 23}"
447,"{470, 14}","{842, 18, 5}"
448,"{496, 90, 5}","{843, 101}"
449,"{17, 283, 14}","{32, 18, 5, 21}"
450,"{17, 845, 14}","{18, 5, 844, 21}"
451,"{5, 846}","{2, 847}"
452,"{361, 2}","{5, 630}"
453,"{849, 17, 14}","{848, 18, 5, 21}"
454,{851},{850}
455,"{2, 759}","{26, 5}"
456,{612},"{420, 852}"
457,{853},{768}
458,"{209, 372}","{197, 854}"
459,"{856, 279}","{855, 135}"
460,"{46, 14}","{857, 799}"
461,{859},{858}
462,"{144, 860, 5}","{738, 143}"
463,"{457, 14}","{861, 111}"
464,"{364, 14}","{675, 799}"
465,"{746, 862}","{5, 20, 229}"
466,"{864, 5, 14}","{51, 863}"
467,"{17, 430, 14}","{865, 18, 5, 21}"
468,"{17, 866, 14}","{681, 18, 5, 21}"
469,{868},{867}
470,"{235, 14}","{18, 869}"
471,"{870, 14}","{23, 5, 871}"
472,"{872, 11}","{9, 194, 5}"
473,"{873, 143}","{144, 874, 5}"
474,"{5, 135}","{875, 101}"
475,{877},"{2, 876, 590}"
476,"{432, 14}","{341, 5, 599}"
477,"{764, 878}","{257, 835}"
478,"{18, 5, 311}","{257, 879}"
479,"{880, 9, 5}","{11, 348, 14}"
480,"{882, 14}","{881, 5, 63}"
481,"{11, 435, 14}","{9, 228, 5}"
482,"{17, 205}","{883, 21}"
483,"{17, 884, 14}","{5, 885, 18, 21}"
484,"{17, 886}","{730, 5, 21}"
485,{888},{887}
486,{890},{889}
487,"{144, 892, 5}","{891, 143}"
488,"{2, 893}","{5, 183}"
489,"{2, 646}","{5, 894}"
490,"{14, 895}","{18, 476, 5}"
491,{515},"{136, 18}"
492,"{896, 27, 637}","{636, 5, 14, 568, 732}"
493,{898},"{897, 14}"
494,"{2, 900, 36}","{3, 899, 37}"
495,"{698, 901}","{696, 697, 5}"
496,"{17, 810, 14}","{18, 5, 21, 902}"
497,"{5, 14, 903}","{904, 51}"
498,"{251, 158}","{92, 157}"
499,{905},{906}
500,"{908, 5}","{907, 101}"
501,"{258, 556, 5}","{257, 101, 909}"
502,{910},"{14, 247}"
503,"{5, 911}","{51, 101}"
504,"{913, 258, 5}","{912, 257, 101}"
505,{915},{914}
506,"{9, 916, 5}","{11, 836}"
507,"{232, 158}","{917, 157}"
508,"{9, 27, 5, 918}","{11, 14, 919}"
509,"{17, 14, 39}","{40, 18, 5, 21}"
510,{920},"{253, 14}"
511,{922},"{921, 14}"
512,"{17, 923}","{680, 5, 21}"
513,"{924, 47}","{48, 786, 101, 925}"
514,{927},{926}
515,"{928, 2}","{193, 5}"
516,{929},"{104, 14}"
517,"{930, 5, 14}","{51, 931}"
518,"{196, 372}","{932, 197}"
519,"{144, 5, 909}","{933, 143}"
520,{934},{427}
521,"{936, 722, 5}","{935, 101, 63}"
522,{664},{937}
523,"{406, 143}","{144, 938, 5}"
524,{939},{940}
525,{942},{941}
526,"{9, 5, 943}","{11, 255}"
527,"{944, 2}","{945, 5}"
528,"{17, 946, 62}","{66, 742, 63}"
529,"{949, 166}","{947, 948}"
530,"{17, 950, 14}","{385, 18, 5, 21}"
531,{952},{951}
532,"{688, 258, 5}","{953, 101, 257}"
533,"{144, 256, 5}","{954, 143}"
534,"{5, 123, 955}","{2, 605, 125}"
535,{956},{957}
536,{958},{766}
537,"{5, 542}","{14, 959}"
538,"{144, 962, 5}","{960, 961, 143}"
539,"{3, 867}","{417, 963}"
540,{933},"{964, 14}"
541,"{637, 965}","{32, 636, 5, 966}"
542,{967},{418}
543,"{968, 3}","{969, 818, 2}"
544,{970},{893}
545,"{17, 971}","{21, 5, 229}"
546,"{617, 3}",{972}
547,"{3, 525}","{361, 973}"
548,{974},{110}
549,"{2, 310}","{644, 5}"
550,"{17, 559}","{21, 975}"
551,{976},{977}
552,{978},{821}
553,"{17, 91, 979}","{66, 980, 5, 63}"
554,"{456, 14}","{981, 111}"
555,"{153, 11, 14}","{9, 5, 982}"
556,{984},{983}
557,{985},{963}
558,"{986, 2}","{132, 5}"
559,"{2, 335}","{609, 605}"
560,{988},{987}
561,"{3, 990}","{768, 2, 989}"
562,{992},{991}
563,"{17, 476}","{21, 895}"
564,"{993, 5}","{745, 994}"
565,"{17, 995, 14}","{48, 18, 5, 21}"
566,"{996, 14}","{18, 772}"
567,{998},{997}
568,{1000},{999}
569,"{372, 844}","{1001, 5, 197}"
570,{1002},{775}
571,"{824, 5, 271}","{1003, 14, 270}"
572,"{17, 14, 135}","{66, 18, 5, 279}"
573,{1004},{658}
574,{1006},{1005}
575,"{3, 422}","{88, 791}"
576,{1007},{778}
577,{1008},{1009}
578,"{144, 1011, 5}","{1010, 143}"
579,{1012},{160}
580,"{1013, 1014}","{1015, 5, 415}"
581,{1016},{1017}
582,"{1018, 1020}","{1019, 460, 5}"
583,"{481, 822}","{568, 482, 5, 1021}"
584,{1022},{128}
585,"{17, 14, 1023}","{1024, 18, 5, 21}"
586,{1026},{1025}
587,{1027},{693}
588,"{341, 14}","{1028, 5, 63}"
589,"{1018, 1030}","{5, 460, 1029}"
590,{1031},{1032}
591,{1034},{1033}
592,"{5, 21, 895}","{18, 1035}"
593,"{14, 63}","{18, 5}"
594,{910},"{156, 29}"
595,"{17, 628, 865}","{18, 5, 1036, 21}"
596,{1038},{1037}
597,"{9, 5, 511}","{11, 109}"
598,"{17, 5, 1039}","{375, 63}"
599,{1041},{1040}
600,"{1042, 1044}","{257, 1043, 5}"
601,"{764, 14}","{257, 170, 5}"
602,{1046},{1045}
603,"{9, 5, 511}","{11, 510}"
604,{1047},"{1048, 66}"
605,{1049},{1050}
606,"{2, 1052}","{1051, 5}"
607,{1054},{1053}
608,"{935, 1055}","{1056, 1057, 5}"
609,{1058},"{1059, 14}"
610,{1061},{1060}
611,{1062},{587}
612,{322},{1063}
613,{1065},{1064}
614,"{865, 14}",{630}
615,"{17, 1067, 14}","{5, 1066, 18, 21}"
616,"{1068, 1069, 14, 1072, 17}","{5, 1070, 1071, 18, 21}"
617,"{1073, 14}","{1074, 51}"
618,"{90, 894}","{672, 92}"
619,"{1075, 11, 14}","{9, 35, 5}"
620,{954},"{608, 14}"
621,{1076},{840}
622,"{3, 707}","{88, 649}"
623,{1077},{923}
624,"{406, 14}","{18, 207}"
625,"{187, 5, 731}","{201, 63}"
626,{1078},{446}
627,"{2, 1079}","{1080, 5}"
628,"{940, 279}","{872, 135}"
629,{1051},"{795, 14}"
630,"{1081, 90}","{1082, 92}"
631,"{144, 5, 912}","{85, 143}"
632,{1083},{1084}
633,"{45, 735}","{48, 5}"
634,"{143, 1086, 14}","{144, 5, 1085}"
635,{1087},{1088}
636,{1089},{1090}
637,"{545, 2, 197, 17}","{66, 1091, 5, 63}"
638,"{1092, 5, 14}","{51, 551}"
639,"{1093, 1095}","{1094, 2, 590}"
640,"{937, 14}","{1096, 44, 5}"
641,"{17, 378, 14}","{1097, 18, 5, 21}"
642,{1098},{103}
643,{1100},{1099}
644,"{2, 797}","{712, 5}"
645,{1101},{1102}
646,"{14, 1103}","{464, 18}"
647,"{144, 1059, 5}","{143, 311}"
648,"{17, 5, 557}","{66, 773, 63}"
649,"{1105, 17, 14}","{1104, 18, 5, 21}"
650,"{693, 14}","{692, 5, 44}"
651,"{17, 1106, 1107}","{5, 629, 18, 21}"
652,"{258, 1108, 5}","{257, 259, 101}"
653,"{144, 516, 5}","{1109, 143}"
654,"{1110, 14}","{5, 21}"
655,"{372, 532}","{416, 5, 197}"
656,"{660, 350}","{32, 5, 349, 928}"
657,"{2, 388}","{5, 918}"
658,"{1112, 17, 334}","{66, 63, 1111}"
659,{1114},{1113}
660,"{17, 91, 51}","{66, 644, 5, 63}"
661,{1116},{1115}
662,{1117},{54}
663,"{994, 211}","{257, 101, 1118}"
664,{736},{80}
665,{1120},{1119}
666,"{2, 237}","{5, 206}"
667,{1121},{1122}
668,{1123},{4}
669,{1125},{1124}
670,"{891, 14}","{18, 1126}"
671,{1127},{1128}
672,{1129},{1130}
673,"{27, 1131, 14}","{51, 28, 165}"
674,"{98, 14}","{406, 207}"
675,"{17, 1132, 14}","{18, 5, 588, 21}"
676,{1133},{877}
677,"{2, 390}","{5, 1134}"
678,{1136},{1135}
679,{1137},{161}
680,{1138},{1139}
681,"{1140, 1141}","{1142, 599}"
682,"{17, 692, 257}","{105, 66, 63}"
683,"{1018, 1143}","{1144, 460}"
684,{1145},{523}
685,{1146},{1147}
686,"{36, 621}","{37, 166}"
687,{1148},{603}
688,"{595, 597, 1150}","{593, 1149}"
689,"{2, 623}","{5, 1151}"
690,{573},"{166, 135}"
691,"{1152, 27, 14}","{576, 51, 28}"
692,{1153},{310}
693,"{1154, 14}","{23, 5, 1103}"
694,{1156},{1155}
695,"{5, 1157}","{2, 59}"
696,{116},{440}
697,"{3, 1158}","{545, 2, 603}"
698,"{1160, 597}","{5, 1159}"
699,"{1161, 1043}","{696, 1162, 5}"
700,"{3, 1037}","{88, 676}"
701,"{1033, 2}","{1163, 5}"
702,"{257, 372}","{1164, 197}"
703,"{1064, 17, 14}","{18, 5, 21, 1165}"
704,"{633, 14, 17}","{18, 5, 21, 1166}"
705,{1167},{180}
706,{1168},{1169}
707,"{9, 5, 38}","{35, 11}"
708,"{1096, 17, 937}","{1170, 66, 63}"
709,"{1171, 188}","{841, 5, 23}"
710,{1173},"{1104, 1172}"
711,"{5, 1174}","{1170, 101}"
712,{1175},"{1176, 14}"
713,"{516, 271}",{1177}
714,{1178},{1179}
715,"{2, 102}","{5, 103}"
716,"{187, 14}","{23, 5, 63}"
717,"{577, 1180}","{800, 5, 1181}"
718,{584},{1182}
719,"{2, 198}","{729, 5}"
720,"{17, 12, 14}","{5, 210, 18, 21}"
721,{1184},{1183}
722,"{1185, 90}","{92, 263}"
723,"{91, 5}","{307, 101}"
724,"{91, 37}","{36, 5, 622}"
725,"{14, 247}",{1186}
726,{1187},{815}
727,{1042},"{1188, 14}"
728,{641},"{860, 14}"
729,{818},"{968, 420}"
730,"{378, 2}","{1097, 5}"
731,"{17, 233, 14}","{18, 5, 21, 359}"
732,"{432, 14}","{1189, 63}"
733,"{17, 2, 611, 197}","{66, 5, 1190, 63}"
734,"{17, 306}","{5, 21, 1191}"
735,"{123, 91}","{5, 125, 622}"
736,{1192},{1193}
737,"{876, 877}","{1194, 2, 590}"
738,"{2, 1195}","{529, 5}"
739,"{17, 1196, 14}","{18, 5, 21, 1197}"
740,{1198},{8}
741,{1199},{995}
742,{1200},{744}
743,{1201},{856}
744,{1203},{1202}
745,{1204},{734}
746,"{1205, 14}","{502, 207}"
747,"{3, 1206}","{1208, 2, 1207}"
748,"{17, 1210, 644}","{1209, 66, 63}"
749,"{722, 799}","{66, 63}"
750,{1212},{1211}
751,"{251, 894}","{92, 646}"
752,{533},{1213}
753,"{585, 17}","{5, 21, 1214}"
754,"{48, 17, 1216}","{1215, 66, 63}"
755,"{187, 5, 1103}","{1154, 63}"
756,"{395, 359}","{1217, 257}"
757,{1219},{1218}
758,"{3, 612}","{2, 611, 1220}"
759,"{17, 1222}","{21, 5, 1221}"
760,"{1224, 14}","{18, 1223}"
761,"{2, 438}","{35, 5}"
762,"{187, 5, 807}","{808, 930, 14}"
763,"{1225, 2}","{24, 5}"
764,"{1226, 3}","{296, 88}"
765,"{674, 30}","{32, 673, 5, 31}"
766,"{144, 1227, 5}","{1228, 143}"
767,{1229},"{14, 639}"
768,"{17, 1230}","{5, 747, 21}"
769,{1231},{944}
770,"{54, 158}","{157, 55}"
771,"{2, 983}","{5, 662}"
772,{772},"{1232, 51}"
773,"{1233, 3}","{545, 2, 233}"
774,"{1234, 5}","{1235, 101}"
775,"{1236, 92}","{217, 90}"
776,"{257, 403}","{258, 197}"
777,{1238},{1237}
778,"{576, 630}","{1152, 135}"
779,"{737, 3, 753}","{1240, 308, 1239}"
780,{1241},{1242}
781,"{9, 1243, 5}","{11, 1175}"
782,{1244},{124}
783,"{88, 17, 14}","{18, 5, 21}"
784,{1245},{233}
785,"{562, 14}","{561, 18}"
786,"{245, 63}","{722, 239}"
787,"{1246, 1247}","{1248, 66, 5}"
788,"{80, 376, 1189}","{1249, 5, 1039}"
789,"{48, 28}","{700, 14}"
790,"{5, 144, 785, 17, 374, 730}","{66, 101, 14, 143, 373, 477, 63}"
791,"{1250, 1252}","{1251, 1253}"
792,"{680, 14}","{18, 923}"
793,{833},"{29, 14}"
794,"{1256, 1254}","{522, 1255}"
795,"{562, 11}","{576, 9, 5}"
796,"{24, 143}","{144, 620, 5}"
797,{1258},{1257}
798,"{3, 1259}","{768, 2, 603}"
799,"{17, 2, 1260, 197}","{66, 5, 607, 63}"
800,"{5, 1261, 14}","{51, 101, 1262}"
801,"{17, 332, 14}","{18, 5, 333, 21}"
802,"{3, 1263}","{1264, 296, 2}"
803,"{1265, 349}","{371, 350}"
804,{1267},{1266}
805,"{3, 1268}","{88, 1269}"
806,"{144, 1271}","{143, 1270, 271}"
807,{1272},{1254}
808,"{17, 683, 14}","{896, 18, 5, 21}"
809,{1274},{1273}
810,"{209, 427}","{1275, 207}"
811,{1276},{1277}
812,"{150, 14}","{66, 1084, 5}"
813,"{349, 1278}","{1176, 350}"
814,"{2, 1102}","{5, 863}"
815,"{538, 1279}","{1280, 18, 5}"
816,"{17, 662}","{5, 691, 21}"
817,{1281},"{224, 412}"
818,{1282},{1283}
819,"{17, 1284, 14}","{1185, 18, 5, 21}"
820,"{2, 159}","{156, 5}"
821,"{2, 1286}","{5, 1285}"
822,"{656, 17, 5}","{1247, 63}"
823,"{144, 5, 1287}","{305, 143}"
824,"{1288, 14}","{112, 179}"
825,{1289},{1290}
826,"{2, 1291}","{5, 831}"
827,"{17, 1257, 14}","{18, 5, 1292, 21}"
828,"{11, 1293}","{73, 5, 9}"
829,{1295},{1294}
830,"{11, 460, 55}","{1296, 9, 51, 101}"
831,{1297},{394}
832,"{1208, 17, 2, 197}","{1265, 66, 5, 63}"
833,{1298},{950}
834,"{123, 1300}","{1299, 125}"
835,"{5, 1301, 14}","{51, 94}"
836,{1302},{417}
837,{1303},{579}
838,{1305},"{1304, 1075}"
839,"{3, 1207}","{0, 2, 1208}"
840,"{1018, 14}","{460, 5, 599}"
841,{1306},{1052}
842,"{5, 206, 14}","{585, 51}"
843,"{5, 599}","{1307, 101}"
844,"{771, 14}","{626, 5, 197}"
845,"{17, 11}","{5, 21, 143}"
846,"{92, 1309}","{90, 1308}"
847,"{698, 1015}","{696, 5, 901}"
848,{803},{776}
849,"{2, 1310}","{5, 1311}"
850,{1312},{287}
851,{1313},{1023}
852,{1314},{609}
853,"{27, 1315, 14}","{28, 101, 1134}"
854,"{2, 966}","{5, 1286}"
855,"{164, 14}","{92, 894}"
856,"{17, 1316, 14}","{5, 18, 490, 21}"
857,"{229, 14}","{18, 971}"
858,"{5, 1125}","{2, 1124}"
859,{1318},{1317}
860,{960},{1319}
861,"{1321, 27, 14}","{1320, 28, 55}"
862,"{129, 1307, 5}","{2, 126}"
863,"{1323, 5, 807}","{808, 1322, 14}"
864,"{14, 959}","{5, 1324, 197}"
865,{1325},{578}
866,"{1326, 14}","{18, 269}"
867,"{1096, 17, 1277}","{66, 319, 63}"
868,{1182},"{732, 412}"
869,{1328},{1327}
870,{369},{1329}
871,"{1152, 14}","{1330, 18}"
872,"{1331, 14}","{5, 917, 359}"
873,{1332},{1333}
874,{1334},{716}
875,"{1336, 1335}","{324, 63}"
876,{1338},{1337}
877,"{3, 1220}","{603, 2, 611}"
878,"{9, 1340, 5}","{1339, 11}"
879,"{1341, 14}","{835, 5, 23}"
880,{1343},{1342}
881,{1102},{863}
882,{1010},"{1344, 14}"
883,"{25, 5}","{1345, 101}"
884,{1347},{1346}
885,"{349, 1349}","{1348, 350}"
886,"{1126, 647}","{18, 1350, 14}"
887,"{1256, 47}","{5, 46, 1351}"
888,"{1353, 5, 350}","{1352, 349}"
889,"{1354, 14}","{18, 277}"
890,"{2, 791}","{971, 5}"
891,"{17, 502}","{5, 1355, 21}"
892,{136},{100}
893,"{17, 287, 703}","{18, 5, 628, 21}"
894,{274},{244}
895,"{17, 14, 537}","{18, 5, 1356, 21}"
896,{525},"{361, 1357}"
897,"{2, 1342}","{5, 1301}"
898,"{475, 14}","{18, 5, 565}"
899,"{1360, 1359}","{1358, 63}"
900,"{5, 325}","{1361, 101}"
901,"{1362, 3}","{1208, 233, 2}"
902,"{1363, 14}","{5, 62, 359}"
903,{268},{1364}
904,"{1365, 14}","{51, 327, 135}"
905,{10},"{130, 14}"
906,"{1237, 14}","{1084, 5, 151}"
907,"{548, 1366}",{814}
908,"{2, 1367}","{5, 782}"
909,{1369},{1368}
910,{1370},"{1360, 5, 135}"
911,"{2, 1371}","{1372, 5}"
912,{1373},{1374}
913,"{11, 1375}","{113, 5, 9}"
914,{1376},{1208}
915,"{1377, 11}","{9, 732, 5}"
916,"{1378, 2}","{5, 295}"
917,"{9, 1379, 5}","{11, 1223}"
918,"{1380, 279}","{1288, 135}"
919,"{0, 17, 14}","{18, 5, 44, 21}"
920,{1381},{467}
921,"{17, 1382, 14}","{18, 5, 21, 1383}"
922,{1384},{283}
923,"{1385, 372}","{1386, 197}"
924,"{17, 1221}","{21, 415}"
925,"{17, 1388, 14}","{5, 18, 1387, 21}"
926,"{18, 1108, 5}","{257, 1389}"
927,{1390},{1391}
928,{1151},{1392}
929,"{17, 1394}","{1393, 5, 21}"
930,"{3, 421}","{2, 1395, 4}"
931,"{1396, 5}","{101, 694}"
932,"{258, 372, 5}","{640, 101, 197}"
933,"{5, 38}","{377, 101}"
934,"{144, 5, 27, 1397}","{1087, 14, 143}"
935,"{760, 1029}","{696, 600}"
936,{1398},{7}
937,{1400},{1399}
938,"{9, 1401}","{11, 14, 903}"
939,"{496, 14}","{135, 655}"
940,"{17, 1402, 14}","{5, 18, 21, 965}"
941,{1403},{1239}
942,"{17, 1404}","{5, 1405, 21}"
943,"{3, 679}","{88, 1077}"
944,"{9, 11, 524, 14, 17, 20, 1048, 24, 31, 32, 36, 40, 47, 48, 51, 55, 57, 1081, 576, 1097, 80, 1104, 82, 91, 92, 1124, 106, 107, 116, 125, 126, 1150, 644, 136, 143, 144, 1185, 1195, 176, 690, 694, 187, 197, 1235, 728, 217, 1248, 739, 230, 1256, 772, 267, 271, 1296, 788, 286, 290, 804, 818, 828, 1345, 844, 334, 345, 348, 349, 866, 355, 868, 372, 1406, 1407, 1408, 1409, 385, 1410, 1412, 1413, 1414, 902, 1416, 1417, 1418, 1419, 1420, 1421, 1415, 403, 405, 895, 409, 930, 419, 421, 432, 1411, 968, 460, 975, 994, 1018, 508}","{18, 5, 21, 63}"
945,"{32, 2}","{283, 5}"
946,"{17, 1423}","{5, 21, 1422}"
947,{1424},"{135, 1423}"
948,{1426},{1425}
949,{1190},{1176}
950,"{324, 5, 1324}","{101, 126, 63}"
951,"{3, 1427}","{289, 2, 233}"
952,"{1428, 5}","{101, 1429}"
953,"{90, 1430}","{92, 1431}"
954,"{1425, 279}","{112, 135}"
955,"{5, 14, 799}","{1432, 51}"
956,"{168, 14}","{51, 45, 135}"
957,"{17, 1433, 14}","{5, 910, 1104, 18, 21}"
958,"{17, 2, 4, 197}","{281, 66, 5, 63}"
959,"{17, 1434, 14}","{18, 5, 1373, 21}"
960,"{3, 1435}","{0, 768, 2}"
961,{1436},{1320}
962,"{144, 657, 5}","{109, 143}"
963,"{258, 5, 1437}","{257, 299, 101}"
964,"{17, 772, 1438}","{66, 63, 1439}"
965,{1440},{1310}
966,{1441},{949}
967,{1443},{1442}
968,"{2, 1099}","{1424, 5}"
969,"{17, 23}","{1444, 21}"
970,{1445},{1380}
971,"{674, 637}","{32, 673, 636, 5}"
972,"{432, 5, 463}","{1421, 63}"
973,"{1154, 359}","{56, 5, 23}"
974,"{688, 18, 5}","{257, 1446}"
975,"{3, 1395}","{2, 603, 4}"
976,{1448},{1447}
977,"{17, 778, 1449}","{1345, 66, 63}"
978,"{1389, 359}","{1450, 18, 5}"
979,"{2, 1045}","{5, 1205}"
980,"{1221, 14}","{18, 1222}"
981,"{69, 158}","{306, 157}"
982,{1451},{845}
983,"{372, 1349}","{1243, 197}"
984,{1452},{1453}
985,"{1345, 17, 14}","{1417, 18, 5, 21}"
986,{796},"{412, 135}"
987,"{3, 709}","{88, 1454}"
988,{1455},{420}
989,{1456},{122}
990,"{1457, 279}","{326, 135}"
991,"{17, 1020, 599}","{5, 18, 1019, 21}"
992,{1459},{1458}
993,{1183},{1375}
994,"{360, 581}","{257, 235}"
995,{1460},{1461}
996,"{1408, 385, 1410, 1411, 644, 772, 902, 1415, 1416, 1417, 11, 524, 14, 143, 1296, 17, 788, 895, 24, 409, 286, 31, 32, 1185, 930, 290, 1195, 47, 48, 432, 690, 51, 176, 1462, 55, 1081, 187, 828, 576, 1345, 197, 1097, 460, 1357, 334, 975, 1104, 80, 82, 1235, 343, 728, 345, 217, 91, 92, 348, 349, 866, 739, 1124, 355, 230, 994, 116, 1018, 1406, 1407}","{18, 5, 21, 63}"
997,{1463},{1371}
998,"{562, 27}","{576, 28}"
999,"{850, 18}","{88, 406}"
1000,"{1464, 17}","{931, 21}"
1001,"{17, 1449, 257}","{688, 66, 63}"
1002,"{187, 5, 463}","{1420, 63}"
1003,"{144, 1344, 5}","{1465, 143}"
1004,"{1466, 5}","{297, 101}"
1005,"{5, 1142}","{1140, 101}"
1006,{1467},{986}
1007,"{1468, 14}","{844, 271}"
1008,"{144, 1003, 5}","{1271, 271, 143}"
1009,"{2, 59}","{5, 1157}"
1010,"{11, 261, 14}","{9, 5, 262}"
1011,"{3, 1469}","{2, 1268}"
1012,"{17, 829}","{1047, 63}"
1013,"{17, 14, 623}","{18, 5, 21, 1151}"
1014,"{1470, 311}","{257, 571}"
1015,"{128, 36}","{3, 37, 127}"
1016,{1472},{1471}
1017,"{1475, 1356}","{1473, 1474}"
1018,"{1194, 877}","{2, 589, 590}"
1019,"{32, 1070, 14, 1072, 17, 350}","{5, 1353, 1071, 18, 21, 349}"
1020,{1311},{298}
1021,"{17, 994, 1477}","{66, 1476, 63}"
1022,"{1107, 14}","{458, 630}"
1023,"{1478, 14}",{1479}
1024,"{18, 764, 5}","{1480, 257}"
1025,"{17, 1482, 788}","{1481, 66, 63}"
1026,"{9, 1483, 5}","{11, 1484}"
1027,"{1327, 279}","{1485, 135}"
1028,"{17, 1066, 14}","{18, 5, 596, 21}"
1029,{1486},{119}
1030,"{1487, 1335}","{1488, 63}"
1031,{1489},{1454}
1032,"{1490, 37}","{36, 239}"
1033,"{17, 51, 1491}","{66, 11, 5, 63}"
1034,"{372, 1278}","{1492, 197}"
1035,{434},"{66, 621}"
1036,"{1283, 14}","{692, 5, 359}"
1037,"{18, 1053}","{88, 755}"
1038,{410},{406}
1039,"{17, 2, 197, 289}","{66, 5, 1493, 63}"
1040,{1494},{1268}
1041,{1495},{453}
1042,{1496},{1125}
1043,"{17, 722}","{882, 63}"
1044,"{17, 433}","{1497, 66, 5}"
1045,{1498},{280}
1046,{1500},"{867, 1499}"
1047,{1501},{899}
1048,"{17, 742, 14}","{5, 18, 715, 21}"
1049,"{32, 1502}","{345, 5}"
1050,"{17, 1242, 14}","{18, 5, 21, 230}"
1051,"{621, 126}","{129, 166}"
1052,"{433, 5, 1503}","{1504, 18}"
1053,"{1505, 2}","{739, 5}"
1054,"{144, 1506, 5}","{1106, 143}"
1055,"{11, 1507}","{9, 1508, 101}"
1056,{1474},{1509}
1057,{1228},"{1510, 14}"
1058,{1512},{1511}
1059,{1514},{1513}
1060,"{3, 1515}","{88, 1516}"
1061,"{17, 130}","{921, 5, 21}"
1062,"{17, 1518, 14}","{1517, 5, 18, 21}"
1063,"{17, 1317, 598}","{66, 1235, 63}"
1064,"{1520, 14}",{1519}
1065,{1521},{1436}
1066,"{214, 14}","{18, 508}"
1067,"{3, 679}","{1522, 2, 4}"
1068,"{17, 1523, 14}","{5, 1226, 18, 21}"
1069,"{2, 1524}","{1081, 5}"
1070,"{722, 14, 230}","{92, 1525, 63}"
1071,"{17, 1526, 14}","{18, 5, 21, 1527}"
1072,"{858, 2}","{5, 1198}"
1073,{1529},{1528}
1074,"{450, 279}","{1530, 135}"
1075,{1531},{74}
1076,{989},{64}
1077,{1532},{1533}
1078,"{144, 953, 5}","{929, 143}"
1079,"{1218, 2}","{307, 5}"
1080,"{9, 5, 37}","{11, 36}"
1081,"{3, 1535}","{88, 1534}"
1082,"{144, 580, 5}","{1042, 143}"
1083,{1536},"{224, 1537}"
1084,"{588, 590}","{1538, 1382}"
1085,"{124, 303}","{304, 122}"
1086,{1539},{1515}
1087,"{17, 147, 14, 230}","{292, 5, 18, 21, 92}"
1088,"{1416, 5, 1541}","{1104, 668, 1540, 14}"
1089,"{1542, 14}","{1466, 5}"
1090,{1543},{1079}
1091,"{1544, 2}","{363, 5}"
1092,{1546},{1545}
1093,{1547},{158}
1094,{1548},{736}
1095,"{1549, 14}","{116, 55}"
1096,"{672, 14, 143}","{144, 5, 166}"
1097,"{57, 1317}","{521, 44}"
1098,"{372, 638}","{197, 182}"
1099,"{2, 591}","{5, 510}"
1100,"{17, 14, 1551}","{18, 5, 21, 1550}"
1101,"{660, 30}","{32, 5, 928, 31}"
1102,"{548, 1285}",{1552}
1103,"{17, 718, 14}","{18, 5, 21, 79}"
1104,{1554},{1553}
1105,"{313, 14, 17}","{5, 18, 994, 21}"
1106,{1555},{1434}
1107,{1556},{1240}
1108,"{1446, 14}","{1449, 18, 5}"
1109,{1558},{1557}
1110,"{333, 39}","{40, 332}"
1111,"{9, 123, 5}","{2, 11, 125}"
1112,"{881, 14}",{942}
1113,"{2, 1333}","{1332, 5}"
1114,"{728, 17, 14}","{18, 5, 21, 454}"
1115,"{1232, 5, 135}","{101, 1559}"
1116,{1086},{186}
1117,"{2, 991}","{8, 5}"
1118,"{1560, 17, 1097}","{1561, 66, 63}"
1119,{372},"{1562, 197}"
1120,{1563},{847}
1121,"{548, 1564}",{1565}
1122,"{2, 549}","{163, 5}"
1123,{1566},{1260}
1124,"{3, 123, 574}","{2, 125, 110}"
1125,"{597, 1567}","{273, 5}"
1126,"{1568, 17}","{1281, 5, 21}"
1127,{948},"{29, 14}"
1128,"{1202, 3}","{2, 1535}"
1129,"{1569, 5, 1406}","{152, 63}"
1130,"{123, 35}","{125, 38}"
1131,"{698, 406}","{696, 98, 5}"
1132,"{1108, 14}","{1096, 257, 5}"
1133,{1570},{1516}
1134,{1572},{1571}
1135,{1573},{392}
1136,"{234, 359}","{5, 1574, 23}"
1137,"{65, 17, 14}","{18, 5, 21, 990}"
1138,"{3, 670}","{2, 68, 815}"
1139,{945},{1575}
1140,"{618, 3}",{868}
1141,"{1473, 537}","{1115, 1356}"
1142,"{17, 1085, 197}","{18, 907, 21}"
1143,"{14, 1415}","{1354, 5, 63}"
1144,"{18, 971}","{864, 1083}"
1145,"{17, 1429, 14}","{18, 5, 21, 1206}"
1146,"{1576, 14}","{17, 5, 21}"
1147,{980},"{621, 334}"
1148,{1577},{663}
1149,"{17, 1290, 14}","{18, 5, 1365, 21}"
1150,"{17, 662}","{1578, 5, 21}"
1151,"{281, 14}","{1449, 5, 197}"
1152,{1579},{309}
1153,"{17, 1580}","{1581, 799}"
1154,{779},"{361, 1582}"
1155,"{771, 349}","{837, 350}"
1156,"{14, 23}","{1084, 318}"
1157,"{11, 855}","{1568, 9, 5}"
1158,"{17, 1574, 14}","{18, 5, 21, 1583}"
1159,"{126, 47}","{36, 5, 46}"
1160,{1584},{1585}
1161,"{1018, 1215}","{1586, 460, 5}"
1162,"{786, 14}","{1587, 799}"
1163,{548},{1105}
1164,{1588},{6}
1165,{1589},{955}
1166,"{1590, 279}","{755, 135}"
1167,"{2, 1565}","{5, 1591}"
1168,"{1592, 3}","{1208, 2, 603}"
1169,"{17, 1294, 14}","{1593, 18, 5, 21}"
1170,"{144, 226, 5}","{1594, 143}"
1171,{1595},"{5, 804, 21}"
1172,"{1364, 1596}","{1394, 5, 21}"
1173,"{47, 1597, 1407}","{5, 1068, 48, 786, 348}"
1174,"{1265, 14}","{312, 5, 197}"
1175,{1598},{321}
1176,{1600},{1599}
1177,{525},"{617, 430}"
1178,"{1528, 166}","{947, 910}"
1179,"{688, 359}","{1601, 257}"
1180,"{1602, 197}","{372, 1493}"
1181,{593},{3}
1182,"{2, 1603}","{1604, 5}"
1183,{1606},{1605}
1184,"{1493, 349}","{282, 350}"
1185,"{914, 2}","{5, 1575}"
1186,"{309, 166}","{91, 947}"
1187,"{977, 279}","{1422, 135}"
1188,"{699, 1108}","{257, 1067}"
1189,"{1432, 722}","{435, 63}"
1190,"{372, 92}","{5, 219, 197}"
1191,"{144, 5, 1510}","{212, 143}"
1192,"{11, 14}","{66, 5, 1607}"
1193,"{1608, 14}","{1096, 5, 359}"
1194,"{5, 14, 975}","{1609, 51}"
1195,{1610},{654}
1196,"{17, 91, 1611}","{66, 1612, 63}"
1197,"{1108, 687}","{257, 1613}"
1198,{113},"{1614, 14}"
1199,"{3, 790}","{320, 2, 1615}"
1200,"{1616, 209}","{208, 207}"
1201,"{1264, 3}","{88, 339}"
1202,"{3, 643}","{792, 2}"
1203,"{1617, 5}","{1618, 101}"
1204,"{1619, 14}","{18, 35}"
1205,"{352, 5}","{1416, 1620}"
1206,{715},"{713, 420}"
1207,"{820, 14}","{1621, 406}"
1208,{1622},{347}
1209,"{760, 1036}","{246, 1623}"
1210,{843},"{1624, 135}"
1211,"{17, 141, 14}","{1616, 18, 5, 21}"
1212,"{1625, 5, 14}","{51, 892}"
1213,"{17, 813, 14}","{33, 18, 5, 21}"
1214,"{17, 82, 14}","{81, 18, 5, 21}"
1215,"{105, 1626}","{257, 871}"
1216,{1627},{737}
1217,"{17, 1628}","{1536, 5, 21}"
1218,{1629},{1544}
1219,{1091},{371}
1220,"{17, 1009, 14}","{18, 5, 21, 1630}"
1221,"{17, 1631}","{21, 5, 477}"
1222,"{17, 654, 14}","{5, 18, 355, 21}"
1223,"{17, 5, 783}","{1632, 1230}"
1224,"{312, 17, 42}","{66, 1429, 63}"
1225,"{1609, 14}","{1633, 18, 5}"
1226,{1635},{1634}
1227,{1636},{834}
1228,"{9, 1562, 5}","{11, 1229}"
1229,{1637},{946}
1230,"{2, 1638}","{5, 94}"
1231,"{2, 987}","{5, 1639}"
1232,"{17, 301, 14}","{18, 5, 21, 367}"
1233,"{17, 1130}","{5, 21, 1326}"
1234,"{9, 5, 86}","{11, 764}"
1235,"{1118, 47}","{1640, 1641}"
1236,"{223, 14, 279}","{18, 114}"
1237,{61},{195}
1238,"{1642, 197}","{257, 5, 1021}"
1239,{1503},{755}
1240,"{3, 323}","{1643, 2, 611}"
1241,"{1024, 90, 27}","{5, 101, 166, 1644, 568}"
1242,"{688, 1601}","{680, 257}"
1243,"{5, 318, 14}","{73, 51}"
1244,"{17, 14, 999}","{5, 18, 1645, 21}"
1245,{1646},{776}
1246,{1647},{849}
1247,"{27, 924, 5}","{101, 14, 925}"
1248,{1648},{1649}
1249,{1650},{792}
1250,{678},"{14, 943}"
1251,"{826, 126}","{825, 129, 14}"
1252,"{1392, 17}","{369, 5, 21}"
1253,{1651},{1652}
1254,{1653},{1590}
1255,"{1654, 14}","{1655, 5, 23}"
1256,"{144, 5, 741}","{913, 143}"
1257,"{1043, 14}","{1161, 5, 246}"
1258,"{3, 957}","{88, 1656}"
1259,"{1450, 1108}","{257, 1655}"
1260,"{819, 3}","{289, 2, 603}"
1261,{1657},{900}
1262,"{1068, 374, 1620}","{5, 373, 1658}"
1263,"{196, 349}","{1659, 350}"
1264,{1661},{1660}
1265,"{17, 14, 71}","{18, 5, 21, 1173}"
1266,{1663},{1662}
1267,"{1185, 1665, 17}","{1664, 66, 63}"
1268,"{698, 695}","{696, 1666, 5}"
1269,"{1649, 5}","{1410, 2}"
1270,"{144, 964, 5}","{625, 143}"
1271,"{576, 994}","{1152, 135}"
1272,"{737, 3, 1667}","{1090, 308, 1239}"
1273,"{17, 14, 519}","{5, 1549, 18, 21}"
1274,"{17, 994, 1106}","{18, 5, 21, 702}"
1275,"{116, 373}","{994, 374}"
1276,"{3, 997}","{2, 1668}"
1277,"{1155, 158}","{1085, 157}"
1278,{1669},{1600}
1279,{1670},{1603}
1280,{1671},{1672}
1281,"{1308, 14}","{1673, 18}"
1282,"{1674, 14}","{156, 1044}"
1283,{1676},{1675}
1284,"{1067, 1364}","{5, 1596, 21}"
1285,"{1122, 18}","{88, 716}"
1286,"{17, 5}","{1110, 63}"
1287,"{1488, 1335}","{1336, 63}"
1288,"{11, 1678, 14}","{9, 5, 1677}"
1289,"{588, 199}","{1538, 1551}"
1290,"{3, 972}","{361, 1500}"
1291,"{372, 1334}","{1569, 5, 197}"
1292,"{17, 1679}","{5, 21, 871}"
1293,{1680},{1520}
1294,"{1681, 18}","{88, 194}"
1295,"{1172, 14}","{656, 24}"
1296,"{1682, 11, 14}","{385, 5, 9}"
1297,"{442, 14}","{18, 189}"
1298,"{9, 1322, 5}","{11, 14, 1335}"
1299,"{3, 1499}","{418, 963}"
1300,"{3, 1533}","{2, 68, 709}"
1301,"{9, 636, 5}","{11, 637}"
1302,{346},{1683}
1303,"{27, 637, 543}","{5, 14, 1075, 568, 636}"
1304,{327},{1553}
1305,"{3, 1684}","{0, 545, 2}"
1306,{1685},{1284}
1307,"{17, 14, 1591}","{5, 674, 18, 21}"
1308,{1686},{830}
1309,"{17, 450, 14}","{209, 18, 5, 21}"
1310,"{320, 3}","{2, 483, 1276}"
1311,"{17, 557, 257}","{66, 556, 63}"
1312,"{1688, 17, 24}","{66, 63, 1687}"
1313,"{586, 14}","{755, 662}"
1314,"{144, 608, 5}","{556, 143}"
1315,"{32, 350, 1658, 374}","{5, 349, 373, 351}"
1316,"{17, 1690, 116}","{1689, 66, 63}"
1317,{1691},{1681}
1318,"{2, 1447}","{619, 5}"
1319,"{3, 852}","{2, 323, 612}"
1320,"{2, 1692}","{864, 5}"
1321,"{17, 1339}","{1466, 5, 21}"
1322,"{1254, 14}","{522, 692, 5}"
1323,"{14, 871}","{18, 1679}"
1324,"{832, 548}",{1693}
1325,"{1408, 2}","{1652, 5}"
1326,"{17, 1694, 14}","{5, 1442, 18, 21}"
1327,"{1346, 1119}","{1672, 337, 2}"
1328,"{1574, 14}","{18, 742}"
1329,"{5, 47}","{1180, 101}"
1330,{1696},{1695}
1331,"{1009, 3}","{1225, 2, 233}"
1332,"{1698, 14}","{1697, 111}"
1333,"{1090, 2}","{5, 1678}"
1334,"{1250, 1444}","{883, 14, 1251}"
1335,{1453},{1056}
1336,"{112, 14}","{156, 716}"
1337,"{432, 5, 462}","{689, 63}"
1338,"{3, 1668}","{88, 1128}"
1339,"{706, 3}","{88, 420}"
1340,"{17, 116, 14}","{440, 18, 5, 21}"
1341,{1699},{1269}
1342,"{1504, 14}","{433, 754, 5}"
1343,"{2, 1700}","{1564, 5}"
1344,"{372, 1639}","{1562, 156}"
1345,"{2, 1701}","{748, 5}"
1346,{1702},{250}
1347,"{920, 11}","{9, 5, 1703}"
1348,"{1522, 3}","{233, 2, 4}"
1349,"{1416, 28, 5}","{1104, 1540, 14}"
1350,"{1490, 123}","{125, 239}"
1351,"{1704, 14}","{406, 286}"
1352,"{17, 1580}","{21, 5, 197}"
1353,"{17, 603, 14}","{5, 522, 18, 21}"
1354,"{152, 1042}","{257, 1674}"
1355,"{1706, 11}","{1705, 5, 9}"
1356,"{1698, 14}","{456, 1107}"
1357,"{965, 30}","{32, 5, 966, 31}"
1358,{1707},{1524}
1359,"{965, 350}","{32, 5, 349, 966}"
1360,"{1193, 2}","{5, 613}"
1361,{1708},"{572, 14}"
1362,"{228, 14}","{18, 1709}"
1363,"{1517, 14}","{1104, 1172, 5}"
1364,"{288, 3}","{0, 289, 2}"
1365,"{1177, 14}","{179, 5, 271}"
1366,{698},{958}
1367,"{1710, 279}","{224, 135}"
1368,"{17, 906, 14}","{217, 18, 5, 21}"
1369,"{2, 1205}","{5, 1045}"
1370,{1711},{1363}
1371,{1712},{1457}
1372,{595},{289}
1373,"{3, 1471}","{88, 1342}"
1374,{1713},{717}
1375,{1714},{947}
1376,"{1609, 14}","{5, 93, 63}"
1377,"{17, 1129}","{225, 5, 21}"
1378,{1715},{335}
1379,"{144, 1716, 5}","{18, 725, 143}"
1380,"{1717, 14}","{18, 917}"
1381,{1718},"{621, 1143}"
1382,{1719},{791}
1383,{1720},{240}
1384,"{1721, 17, 14}","{18, 5, 21, 287}"
1385,"{290, 1723}","{1722, 1318}"
1386,{582},"{1724, 14}"
1387,{1726},{1725}
1388,{260},"{396, 14}"
1389,"{2, 444}","{585, 5}"
1390,"{22, 14}","{680, 5, 23}"
1391,"{698, 11, 14}","{9, 1507, 5}"
1392,"{635, 11}","{9, 5, 919}"
1393,{1727},"{1348, 14}"
1394,{1728},{87}
1395,{1729},{1730}
1396,"{17, 310, 14}","{18, 5, 644, 21}"
1397,{1372},"{51, 732}"
1398,{648},{1329}
1399,"{1385, 722}","{1731, 63}"
1400,{432},"{1732, 63}"
1401,"{9, 5, 31}","{11, 30}"
1402,"{144, 5, 1614}","{393, 143}"
1403,"{2, 614}","{5, 799}"
1404,"{194, 230}","{716, 92}"
1405,"{9, 129, 5}","{11, 126}"
1406,"{11, 732, 197}","{9, 372, 5}"
1407,"{17, 883}","{930, 21}"
1408,"{17, 2, 483, 197}","{66, 5, 1278, 63}"
1409,"{144, 1032, 5}","{1733, 143}"
1410,"{1028, 14}","{1305, 18}"
1411,"{144, 5, 1559}","{898, 143}"
1412,{1734},{1638}
1413,"{5, 1307, 37}","{2, 36}"
1414,"{17, 426}","{5, 996, 21}"
1415,"{17, 926, 14}","{720, 18, 5, 21}"
1416,"{941, 230}","{1143, 92, 5, 1735}"
1417,"{17, 156}","{1736, 21}"
1418,"{17, 5, 935}","{1491, 63}"
1419,{726},"{1737, 14}"
1420,{207},{408}
1421,"{144, 5, 558}","{1058, 143}"
1422,"{761, 982}","{696, 5, 413}"
1423,"{2, 284}","{5, 135}"
1424,"{1050, 2}","{298, 5}"
1425,{1738},{1656}
1426,"{2, 1005}","{5, 621}"
1427,"{1345, 47}","{1739, 5, 46}"
1428,"{818, 3}","{1145, 2, 289}"
1429,"{1249, 5, 17}","{77, 63}"
1430,{1740},{676}
1431,"{1741, 21}","{17, 1085}"
1432,"{17, 828, 1743}","{66, 1742, 63}"
1433,"{1504, 14}","{5, 229, 1503}"
1434,"{372, 29, 14}","{5, 197, 910}"
1435,{1744},{1721}
1436,"{330, 14}","{435, 5, 63}"
1437,"{27, 1483, 14}","{51, 28, 516}"
1438,"{3, 446}","{88, 1425}"
1439,{1578},"{14, 279}"
1440,"{17, 14, 1135}","{18, 5, 21, 262}"
1441,"{1040, 17, 14}","{5, 666, 18, 21}"
1442,"{9, 1322, 5}","{11, 14, 1487}"
1443,{1745},{1746}
1444,"{2, 1747}","{1433, 5}"
1445,"{312, 1337, 17}","{66, 43, 63}"
1446,"{405, 334}","{5, 197, 685}"
1447,{1113},{213}
1448,{1749},{1748}
1449,"{17, 340}","{5, 571, 21}"
1450,{1750},{1378}
1451,{1752},{1751}
1452,"{1754, 5}","{1753, 101, 14}"
1453,{1755},{1692}
1454,{1756},{1668}
1455,{1757},{1535}
1456,"{694, 47}","{1758, 5, 46}"
1457,{1759},{1760}
1458,"{1088, 14, 143}","{144, 1761, 5}"
1459,"{2, 910}","{1528, 5}"
1460,{1762},{89}
1461,"{481, 21}","{482, 14, 559}"
1462,"{1763, 14}","{433, 5}"
1463,"{588, 1764}","{2, 428, 590}"
1464,"{3, 1357}","{361, 1414}"
1465,"{3, 1615}","{483, 1765}"
1466,{1766},{483}
1467,"{906, 2}","{217, 5}"
1468,"{18, 11, 412}","{9, 5, 1767}"
1469,"{2, 471}","{1588, 5}"
1470,"{3, 1166}","{2, 611, 789}"
1471,"{3, 1179}","{574, 1454}"
1472,{1768},{1667}
1473,"{280, 3}",{574}
1474,{1769},{1679}
1475,"{17, 197, 1593}","{1509, 18, 21}"
1476,{1770},{1628}
1477,{1771},{1505}
1478,"{17, 14, 1567}","{272, 18, 5, 21}"
1479,"{969, 3}","{289, 2, 1427}"
1480,"{874, 5}","{1483, 101}"
1481,"{621, 14}",{26}
1482,"{1418, 3}","{545, 2, 1684}"
1483,"{17, 92, 1358}","{5, 18, 21, 461}"
1484,{1335},{1487}
1485,"{937, 319}","{1772, 44}"
1486,"{5, 1773}","{65, 101}"
1487,"{33, 350}","{32, 34, 5, 349}"
1488,"{3, 1643}","{233, 2, 611}"
1489,"{372, 844}","{5, 197, 1774}"
1490,"{1134, 14}","{5, 1261}"
1491,"{11, 1775}","{1776, 9, 5}"
1492,{1237},{1607}
1493,{1778},{1777}
1494,"{144, 492, 5}","{493, 143}"
1495,"{188, 397}","{5, 1014, 23}"
1496,"{27, 14, 1779}","{1320, 828, 28}"
1497,"{1780, 781}","{473, 1781}"
1498,"{17, 14, 231}","{5, 18, 1331, 21}"
1499,"{17, 170, 534}","{633, 66, 63}"
1500,"{3, 1399}","{88, 1458}"
1501,"{1211, 279}","{1542, 135}"
1502,"{124, 36}","{122, 3, 37}"
1503,"{3, 419}","{2, 421, 679}"
1504,"{1497, 14}","{433, 63}"
1505,"{1387, 350}","{32, 5, 1291, 349}"
1506,{1604},{1404}
1507,"{1432, 11, 14}","{9, 5, 863}"
1508,{1095},"{2, 1093, 590}"
1509,"{11, 1782, 14}","{9, 5, 894}"
1510,"{14, 1783}","{5, 621, 486}"
1511,"{17, 803, 14}","{18, 5, 21, 934}"
1512,"{184, 27}","{5, 1783}"
1513,{610},{171}
1514,"{27, 637, 839}","{5, 1320, 14, 568, 636}"
1515,"{18, 227, 143}","{144, 1784, 5}"
1516,"{1337, 14}","{312, 522, 5}"
1517,{1785},{1225}
1518,"{410, 5, 1406}","{698, 63}"
1519,"{144, 1786, 5}","{143, 511}"
1520,"{2, 1660}","{1787, 5}"
1521,"{17, 1084}","{722, 5, 66}"
1522,"{17, 1789, 1081}","{66, 1788, 63}"
1523,"{248, 47}","{1790, 46}"
1524,"{491, 1356}","{1474, 490}"
1525,"{17, 565}","{475, 21}"
1526,"{34, 2}","{5, 1791}"
1527,"{17, 1083}","{721, 5, 21}"
1528,"{1056, 17, 722, 14}","{18, 63, 21, 935}"
1529,"{512, 14}","{1682, 18}"
1530,{1792},{574}
1531,{1793},{1469}
1532,"{17, 1170, 14}","{665, 18, 5, 21}"
1533,"{1217, 395}","{257, 1103}"
1534,"{2, 1791}","{5, 1366}"
1535,"{17, 1354}","{1794, 21}"
1536,"{1430, 14}","{1312, 166}"
1537,"{372, 607}","{916, 197}"
1538,"{123, 1787}","{125, 135}"
1539,"{498, 14}","{156, 333}"
1540,"{122, 2, 125}","{3, 123, 308}"
1541,"{341, 14}","{1632, 732, 5, 52}"
1542,{1795},{827}
1543,"{3, 68}","{88, 1128}"
1544,{1796},{127}
1545,"{152, 279}","{1506, 18}"
1546,"{1760, 14}","{1449, 5, 359}"
1547,"{781, 1798}","{473, 1797}"
1548,{704},{92}
1549,"{808, 197, 135}","{5, 372, 101, 807}"
1550,"{17, 1799}","{18, 5, 21, 149}"
1551,{181},"{1659, 14}"
1552,"{834, 166}","{833, 947}"
1553,"{2, 1694}","{1442, 5}"
1554,"{1508, 92}","{90, 1030}"
1555,"{9, 5, 741}","{913, 11}"
1556,{1800},{1534}
1557,{1765},{1608}
1558,{1801},{447}
1559,{1802},{81}
1560,"{1803, 47}","{5, 46, 1775}"
1561,"{1256, 693}","{44, 1255}"
1562,{648},{443}
1563,{1804},{869}
1564,{1805},{1806}
1565,"{1810, 1811, 1813}","{1808, 1809, 1812, 1807}"
1566,"{1810, 1813, 1815}","{1809, 1812, 1814, 1807}"
1567,"{1816, 1818}","{1817, 1819}"
1568,"{1820, 1822}","{1812, 1821}"
1569,"{1824, 1822}","{1812, 1823}"
1570,{1825},{1826}
1571,"{1810, 1829}","{1827, 1828, 1830}"
1572,"{1830, 1831}","{1832, 1812}"
1573,{1833},{1834}
1574,"{1810, 1837}","{1835, 1836}"
1575,"{1813, 1838}","{1809, 1812, 1839, 1807}"
1576,"{1841, 1813}","{1840, 1812, 1807}"
1577,{1842},{1843}
1578,{1844},{1845}
1579,"{1846, 1822}","{1812, 1847}"
1580,"{1850, 1812}","{1848, 1849}"
1581,{1851},{1852}
1582,"{1813, 1810, 1853}","{1809, 1812, 1854, 1807}"
1583,"{1856, 1810, 1813}","{1809, 1812, 1855, 1807}"
1584,"{1858, 1859}","{1857, 1860}"
1585,{1861},{1862}
1586,"{1864, 1863}","{1865, 1866, 1822}"
1587,{1868},{1867}
1588,"{1872, 1813, 1871}","{1873, 1869, 1870}"
1589,{1874},{1875}
1590,"{1810, 1877}","{1817, 1876, 1812}"
1591,"{1813, 1878, 1879}","{1880, 1873, 1870}"
1592,"{1882, 1885}","{1881, 1883, 1884, 1812}"
1593,"{1812, 1886, 1884}","{1885, 1887}"
1594,"{1888, 1889, 1813}","{1873, 1890, 1870}"
1595,"{1892, 1813}","{1891, 1807}"
1596,"{1812, 1894}","{1848, 1893}"
1597,"{1813, 1895}","{1896, 1809, 1812, 1807}"
1598,"{1898, 1900}","{1897, 1899, 1812}"
1599,"{1810, 1901, 1887}","{1902, 1812, 1886}"
1600,{1903},{1904}
1601,"{1905, 1828, 1813}","{1809, 1906, 1812, 1807}"
1602,{1907},{1908}
1603,"{1864, 1910}","{1909, 1911}"
1604,"{1912, 1822}","{1913, 1812}"
1605,{1914},{1915}
1606,{1917},{1916}
1607,"{1864, 1918}","{1920, 1919}"
1608,"{1922, 1923, 1812, 1886}","{1921, 1887}"
1609,"{1923, 1924}",{1925}
1610,{1927},{1926}
1611,"{1928, 1810, 1930}","{1929, 1870}"
1612,"{1931, 1932, 1813}","{1873, 1933, 1870}"
1613,{1934},{1935}
1614,"{1810, 1887}","{1936, 1937, 1812}"
1615,"{1810, 1938}","{1905, 1902}"
1616,"{1939, 1822}","{1940, 1812}"
1617,{1941},{1942}
1618,"{1944, 1813}","{1943, 1812, 1807}"
1619,"{1810, 1946}","{1945, 1812}"
1620,"{1947, 1812}","{1848, 1827}"
1621,"{1948, 1822}","{1812, 1949}"
1622,"{1950, 1951}","{1952, 1953, 1810}"
1623,"{1955, 1822}","{1954, 1812}"
1624,"{1956, 1958}","{1864, 1957, 1846}"
1625,"{1822, 1959}","{1960, 1812}"
1626,"{1961, 1810}","{1817, 1962, 1812}"
1627,"{1964, 1876, 1813}","{1873, 1963, 1870}"
1628,{1965},{1966}
1629,{1968},{1967}
1630,{1969},{1970}
1631,"{1864, 1972}","{1971, 1822}"
1632,{1973},{1974}
1633,{1975},{1976}
1634,{1977},{1978}
1635,"{1979, 1981}","{1980, 1902}"
1636,"{1810, 1813, 1983}","{1809, 1812, 1982, 1807}"
1637,"{1984, 1986}","{1985, 1827}"
1638,"{1812, 1988, 1989}","{1987, 1990}"
1639,"{1993, 1991}","{1992, 1810}"
1640,"{1994, 1996, 1813}","{1873, 1995, 1870}"
1641,"{1813, 1810, 1997, 1906}","{1998, 1807, 1809, 1905, 1812}"
1642,"{1889, 1813, 1999}","{2000, 1873, 1870}"
1643,{2001},{2002}
1644,"{1923, 2004, 2005}","{1902, 2003, 1812, 2006, 1848}"
1645,"{1899, 2007}","{1864, 1900, 2008}"
1646,{2009},{2010}
1647,"{1817, 2012, 1813, 1822}","{1873, 2011, 1812, 1870}"
1648,{1826},{2013}
1649,"{2016, 2015}","{2017, 1812, 2014}"
1650,"{1864, 2019}","{1865, 2018, 1822}"
1651,{2020},{2021}
1652,"{2022, 1822}","{1812, 2023}"
1653,"{2025, 1822}","{2024, 1812}"
1654,"{1923, 2029, 2027}","{2026, 2028, 1810, 1812, 2006}"
1655,"{1813, 2031}","{1873, 1812, 2030}"
1656,"{2032, 2033, 1812}","{1848, 1828}"
1657,"{1864, 2034}","{2035, 2036, 1822}"
1658,"{1813, 2038}","{1812, 2037, 1807}"
1659,"{2040, 2039}","{2041, 1827}"
1660,"{1864, 2042}","{1966, 1918, 1822}"
1661,"{1810, 2044}","{1809, 2043, 1812}"
1662,"{2045, 1822}","{1812, 2046}"
1663,"{2048, 1822}","{1812, 2047}"
1664,"{2049, 1822}","{2050, 1812}"
1665,"{1984, 2051}","{1827, 2052}"
1666,"{1810, 1813, 2054}","{1809, 1812, 2053, 1807}"
1667,"{1810, 2055}","{2056, 1817, 1812}"
1668,"{2058, 1822}","{2057, 1812}"
1669,{2060},{2059}
1670,"{2061, 2063}","{2064, 1812, 2062}"
1671,"{1810, 2066, 1923}","{2065, 2067, 1932}"
1672,"{1822, 1935}","{2068, 1812}"
1673,"{1858, 2069}","{1812, 2070, 2071}"
1674,"{2072, 1885}","{1883, 1884, 1812, 2022}"
1675,"{2073, 1813, 1817}","{1809, 2074, 1807}"
1676,"{1864, 2075}","{2076, 2077, 1822}"
1677,"{1832, 2067}","{1810, 2078}"
1678,"{2080, 2079}","{2081, 2082}"
1679,"{1810, 1813, 1930}","{1809, 2083, 1812, 1807}"
1680,"{1810, 1906, 2085, 1813}","{2084, 1870, 1873, 1905, 1812}"
1681,"{2088, 1813, 2087}","{2086, 1873, 1870}"
1682,"{2090, 1812}","{1848, 2089, 1810}"
1683,"{1864, 2091}","{1865, 2092, 1822}"
1684,"{1812, 1988, 2093}","{1987, 2094}"
1685,"{2097, 1812, 2095}","{1848, 2096, 2082}"
1686,"{2098, 2099, 1998}","{2017, 2100, 1812, 1870}"
1687,"{1812, 1988, 2101}","{1987, 2102}"
1688,{2103},{2104}
1689,"{2106, 1899, 1812}","{2105, 1810, 1900}"
1690,{2107},{2108}
1691,{2109},{1956}
1692,"{1810, 2111}","{1809, 2110}"
1693,"{2113, 1810, 1813}","{2112, 1809, 1812, 1807}"
1694,"{1864, 2114}","{2115, 2116}"
1695,"{2118, 1822}","{1812, 2117}"
1696,"{2120, 1810}","{2121, 2119}"
1697,"{2123, 1988, 1812}","{2122, 1987}"
1698,{1943},"{2124, 2125}"
1699,{2127},{2126}
1700,"{2128, 2130}","{2129, 2131, 1812}"
1701,{2133},{2132}
1702,"{1809, 1987, 2134}","{1988, 1812, 2135}"
1703,{2137},{2136}
1704,{2138},{2065}
1705,"{1810, 2139}","{2112, 2016, 1812}"
1706,{2140},{1920}
1707,"{1988, 1812, 2142}","{1987, 2141}"
1708,"{1988, 1812, 2143}","{2144, 1809, 1987}"
1709,"{2146, 1812, 1886}","{2145, 1887}"
1710,"{2147, 1813}","{2148, 1812, 1807}"
1711,"{1810, 2150, 1887}","{1812, 2149, 1886}"
1712,"{1864, 2152}","{2153, 1822, 2151}"
1713,"{2155, 1822}","{2154, 1812}"
1714,"{1864, 2156}","{2118, 1919}"
1715,"{2158, 1822}","{1812, 2157}"
1716,{2160},{2159}
1717,{2161},{1888}
1718,{2162},{2163}
1719,"{1898, 2164, 2031}","{1945, 1812, 2165, 1809}"
1720,"{1810, 1813, 2166}","{1809, 1812, 2167, 1807}"
1721,"{1810, 2044}","{2168, 1812, 1870}"
1722,"{2170, 2171}","{2129, 2169, 1812}"
1723,"{2173, 1813}","{2172, 1812, 1807}"
1724,{2175},{2174}
1725,{2176},"{2177, 1827}"
1726,"{1864, 2179, 2180}","{2178, 2115, 1948}"
1727,{2181},{2172}
1728,{2182},{2183}
1729,"{2185, 1817}","{2184, 2082, 1812}"
1730,{2186},{2187}
1731,"{2188, 1813, 2190}","{1873, 2189, 1870}"
1732,"{1898, 1957}","{1897, 1812, 1958}"
1733,{2192},{2191}
1734,"{2194, 1988, 1812}","{2193, 1987}"
1735,"{1905, 2196, 1813}","{1809, 2195, 1812, 1807}"
1736,"{2145, 1887}","{1812, 2197, 1886}"
1737,"{1864, 2198}","{2036, 2077, 1822}"
1738,"{2200, 1957}","{1958, 2199}"
1739,"{1810, 1813, 2202}","{2201, 1812, 1809, 1807}"
1740,"{2204, 1822}","{2203, 1812}"
1741,"{1810, 2205}","{2016, 1812, 1991}"
1742,"{1984, 2207}","{1827, 2206}"
1743,{2208},{2209}
1744,"{2210, 1810}","{1809, 2211}"
1745,"{2212, 1812}","{1848, 1880}"
1746,"{1810, 1839, 1887}","{1886, 1812, 2213, 2214}"
1747,"{1822, 2215}","{1812, 2119}"
1748,"{1864, 2216}","{2217, 2218}"
1749,"{1864, 1966}","{2219, 1919}"
1750,"{1985, 1887}","{2220, 1812, 1886}"
1751,"{1813, 2221}","{1812, 2213, 1807}"
1752,"{1822, 2223}","{1812, 2222}"
1753,{2225},{2224}
1754,"{1992, 2226, 1813}","{1873, 2227, 1870}"
1755,{2229},"{1810, 2228}"
1756,{2231},{2230}
1757,"{2232, 2234}","{2233, 2235, 1822}"
1758,"{1810, 2070}","{2236, 2237}"
1759,"{2011, 1884}","{1885, 2238}"
1760,"{1885, 2053}","{1883, 1884, 1812, 2239}"
1761,"{1864, 2240}","{2012, 2077, 1822}"
1762,{2241},{2207}
1763,"{2242, 1822}","{2243, 1812}"
1764,{2245},{2244}
1765,{2246},{2247}
1766,"{2248, 1810, 1813}","{2249, 1812, 1809, 1807}"
1767,{2250},"{2251, 1812, 1807}"
1768,{2252},{2253}
1769,"{2017, 1813}","{2254, 1807}"
1770,{2255},{2256}
1771,"{2258, 2259}","{2257, 1870}"
1772,"{2260, 1895}","{1827, 2261}"
1773,"{1810, 1887, 2263}","{1812, 2262, 1886}"
1774,"{1816, 1822}","{2264, 1812}"
1775,{2265},"{2266, 1810}"
1776,"{2268, 2269}","{2267, 2235, 1822}"
1777,"{1810, 1813, 2270}","{2072, 1809, 1812, 1807}"
1778,"{2273, 2271}","{2272, 1817}"
1779,{2274},{2007}
1780,"{1810, 1852, 1813}","{1809, 2027, 1812, 1807}"
1781,"{1810, 2052}","{1913, 2275}"
1782,"{1923, 1812, 2277, 1886}","{1810, 2276, 1887}"
1783,"{1988, 1812, 2278}","{1987, 2279}"
1784,{2280},{2045}
1785,"{2281, 1810, 1813}","{1873, 1809, 2282}"
1786,"{2283, 1887}","{1812, 1886, 2284}"
1787,"{2285, 1822}","{1812, 2286}"
1788,{2287},{2288}
1789,"{2289, 1810}","{1817, 1812, 1889}"
1790,{1840},"{2290, 2125}"
1791,"{1810, 2292}","{2017, 2291, 1812}"
1792,"{2293, 1855}","{1808, 2119}"
1793,{2294},{2295}
1794,{2296},{1959}
1795,"{2297, 1906}","{1905, 2298, 2299, 1812}"
1796,{2300},{2301}
1797,{2302},"{1810, 2238}"
1798,"{1813, 2303}","{1812, 2261, 1807}"
1799,{2305},{2304}
1800,"{1813, 1967}","{2306, 1812, 1807}"
1801,"{2307, 1923, 1812, 1886}","{1810, 2308, 1887}"
1802,{2310},{2309}
1803,"{1908, 1822}","{1812, 1831}"
1804,"{1810, 2211, 1887}","{2088, 1812, 1886}"
1805,"{2130, 2311}","{2312, 2129, 1812}"
1806,"{2313, 1813}","{1836, 1812, 1807}"
1807,"{1810, 2291}","{1809, 2314}"
1808,"{1810, 2316}","{1962, 2315, 1812}"
1809,{2317},"{1810, 2318}"
1810,{2319},{2036}
1811,"{1810, 1923, 2262}","{1848, 2067, 1940}"
1812,"{1900, 1988, 1812}","{1899, 1987}"
1813,{2320},{1909}
1814,"{1880, 1810, 1813}","{1809, 1812, 2321, 1807}"
1815,"{2322, 1813}","{2323, 1807}"
1816,{2324},{2325}
1817,"{1822, 2327}","{1812, 2326}"
1818,"{2328, 1810, 1887}","{1938, 1812, 1886}"
1819,"{2329, 1813}","{2330, 1812, 1807}"
1820,{2332},{2331}
1821,"{1810, 2333}","{2214, 2334}"
1822,"{1810, 1869, 1813}","{1809, 2335, 1812, 1807}"
1823,"{2336, 2193}","{2337, 2082}"
1824,"{1810, 2339, 1813}","{1809, 2338, 1812, 1807}"
1825,{2341},{2340}
1826,"{1913, 1813}","{1812, 2342, 1807}"
1827,"{2344, 1822}","{1812, 2343}"
1828,"{2082, 1996, 1813}","{1873, 2345, 1870}"
1829,"{2346, 1822}","{2347, 1812}"
1830,{2349},"{2348, 2350}"
1831,"{1817, 2351}","{2273, 2011}"
1832,"{2352, 1810}","{1809, 2349}"
1833,"{2353, 1906}","{1905, 2354}"
1834,{2355},{2356}
1835,"{1921, 1887}","{1812, 2308, 1886}"
1836,"{1810, 2357, 1887}","{2358, 1812, 1886}"
1837,{2359},{2360}
1838,"{2065, 2362}",{2361}
1839,{2363},{2364}
1840,"{2365, 1887}","{1812, 1886, 2276}"
1841,{2366},"{1810, 2367}"
1842,"{1873, 1810}","{1809, 2117}"
1843,"{1864, 2368}","{2187, 2077, 1822}"
1844,"{2369, 1887}","{2370, 1812, 1886}"
1845,"{1810, 2372, 1813}","{1809, 2371, 1812, 1807}"
1846,"{1923, 1958}","{1812, 2373, 1957}"
1847,"{1822, 2375}","{1812, 2374}"
1848,{2376},{2377}
1849,"{2378, 1813}","{2379, 1812, 1807}"
1850,{2380},{2381}
1851,"{1813, 2382, 2383}","{2384, 1873, 1870}"
1852,{2385},{1939}
1853,{2375},"{1810, 2386}"
1854,"{2387, 1813}","{1812, 2317, 1807}"
1855,"{1817, 2388, 1813, 1822}","{1873, 1812, 2389, 1870}"
1856,"{1900, 2390}","{1899, 1947}"
1857,"{1822, 2391}","{1992, 1812}"
1858,"{2392, 1810, 1812}","{2393, 1828}"
1859,"{1810, 2394}",{2119}
1860,"{2345, 2395}","{2082, 2396}"
1861,{2397},{2042}
1862,"{1813, 2398}","{1812, 2399, 1807}"
1863,{2400},{2401}
1864,"{1858, 1925}","{2402, 1812, 2070}"
1865,"{1809, 2403}","{2275, 1919}"
1866,"{1810, 2404, 1813}","{1809, 1812, 2405, 1807}"
1867,"{1864, 2406}","{2217, 2407}"
1868,"{2301, 1822}","{2408, 1812}"
1869,"{1817, 2410}","{2409, 2273}"
1870,{2411},{1971}
1871,{2412},{2206}
1872,"{2414, 2415}","{2129, 1812, 2413}"
1873,"{2417, 1822}","{2416, 1812}"
1874,"{1810, 1813, 2183}","{1809, 2418, 1812, 1807}"
1875,{2419},{2420}
1876,{2421},{2422}
1877,"{2424, 1810}","{1809, 1812, 2423}"
1878,"{2426, 1822}","{2425, 1812}"
1879,"{1864, 2427}","{1865, 2076, 1822}"
1880,"{1978, 1810, 1813}","{1809, 2428, 1812, 1807}"
1881,"{1809, 2430}","{1817, 2429}"
1882,{2431},{2432}
1883,"{2433, 1887}","{2434, 1812, 1886}"
1884,"{2437, 2438}","{2435, 2436}"
1885,"{1885, 2439}","{1883, 1884, 1812}"
1886,"{2440, 1822}","{2441, 1812}"
1887,{2442},"{1809, 2353}"
1888,"{2130, 1810, 1887}","{2443, 1812, 1886}"
1889,"{1900, 2110}","{1899, 2028}"
1890,{2445},{2444}
1891,"{1962, 1813, 2447}","{1873, 2446, 1870}"
1892,"{2448, 1810, 1813}","{2449, 1812, 1809, 1807}"
1893,"{1810, 2450}","{1809, 2451}"
1894,{2452},{2453}
1895,"{1864, 2454}","{2018, 2035, 1822}"
1896,"{1923, 2428, 2029}","{2026, 2065, 1810, 1812, 2006}"
1897,{2455},{2456}
1898,{2457},{2249}
1899,{2458},{2405}
1900,"{2459, 1812, 2259}","{1848, 1950, 1870}"
1901,"{2342, 1887}","{2460, 1812, 1886}"
1902,"{1812, 2461, 1957}","{1958, 1822}"
1903,{2462},{2463}
1904,"{1906, 1988, 2004, 1812}","{1905, 1987}"
1905,"{2464, 1812}","{1848, 2000}"
1906,"{2465, 1822}","{1922, 1812}"
1907,"{2273, 2466}","{2322, 2467}"
1908,"{2468, 1812, 2470}","{1848, 2469, 1870}"
1909,{2471},{2472}
1910,"{1923, 1812, 1893}","{1848, 1810, 1979}"
1911,"{2473, 1822}","{2474, 1812}"
1912,{2475},"{1810, 2039}"
1913,"{2476, 1988, 1812}","{1987, 2477}"
1914,"{1864, 1911}","{1909, 2478}"
1915,"{1898, 2479}","{2480, 1809, 1812}"
1916,{2481},{2482}
1917,"{1864, 2483}","{2187, 1822, 2035}"
1918,"{2013, 1810, 1813, 2470}","{1809, 2469, 1870, 1807}"
1919,{2484},{2485}
1920,"{2488, 2486}","{2235, 1822, 2487}"
1921,"{2490, 1822}","{2489, 1812}"
1922,"{2491, 2493}","{2492, 1812, 2084}"
1923,"{1864, 1875}","{2494, 1919}"
1924,"{2402, 1923}",{2495}
1925,{2496},{2497}
1926,{2498},"{2434, 2290}"
1927,"{1810, 2499}","{1809, 2500}"
1928,"{2501, 1822}","{1812, 2502}"
1929,"{1984, 2503}","{2504, 1827}"
1930,{2505},{2506}
1931,"{2507, 1812, 1886}","{2508, 1887}"
1932,"{2509, 1830}","{1832, 1812, 1990}"
1933,"{2345, 2511}","{2082, 2510}"
1934,"{1873, 2031}","{1945, 1807}"
1935,"{1864, 2512}","{2513, 2077, 1822}"
1936,{2515},{2514}
1937,"{1812, 2500, 1813}","{2516, 1870}"
1938,{2517},"{1981, 2383}"
1939,"{1813, 2519}","{1812, 2518, 1807}"
1940,"{2401, 1810, 1813}","{2520, 1809, 1812, 1807}"
1941,{2521},{2522}
1942,"{1984, 2523}","{1827, 1837}"
1943,"{1906, 2524, 1813}","{1873, 2525, 1870}"
1944,"{1810, 1836}","{2322, 2526}"
1945,"{1822, 2527}","{2466, 1812}"
1946,"{2040, 2004}","{1905, 1827}"
1947,{2528},{2501}
1948,"{1920, 1984}","{1827, 1836}"
1949,{2529},{2118}
1950,"{2530, 1887}","{2206, 1812, 1886}"
1951,"{2401, 1822}","{2520, 1812}"
1952,{2531},"{1827, 1902}"
1953,"{2532, 1812}","{2040, 2533}"
1954,"{1883, 1980}","{1930, 1812}"
1955,"{2534, 1822}","{1812, 2263}"
1956,"{1810, 1813, 2535}","{1809, 1906, 1812, 1807}"
1957,"{1812, 2095, 2079}","{1848, 2082, 2476}"
1958,"{1812, 2383}","{1848, 2536}"
1959,{2537},{1872}
1960,"{2538, 2396}","{2539, 1812, 1807}"
1961,"{2540, 2541}","{1873, 1812, 2542}"
1962,"{1813, 1810, 2309}","{1809, 2543, 1812, 1807}"
1963,"{1984, 1812, 1807}","{1827, 1813}"
1964,{2544},{2545}
1965,{2547},"{1810, 2546}"
1966,"{1864, 1971}","{2301, 1919}"
1967,"{2474, 1810, 1812}","{1828, 2548}"
1968,"{1988, 1812, 2550}","{1810, 1987, 2549}"
1969,{2551},{2339}
1970,{2552},{2553}
1971,"{1812, 2214}","{1848, 2461}"
1972,"{1817, 2036, 1813, 1822}","{1873, 1961, 1812, 1870}"
1973,"{2554, 1822}","{1812, 2237}"
1974,"{1810, 2555, 1813}","{1809, 2556, 1812, 1807}"
1975,{2557},{2554}
1976,{2558},{1986}
1977,"{2560, 1810, 1813}","{1809, 2559, 1812, 1807}"
1978,{2561},"{2290, 1827}"
1979,"{2562, 1988, 1812}","{2362, 1987}"
1980,{2563},{2564}
1981,{2565},{2177}
1982,"{1810, 2567}","{1809, 1812, 2566}"
1983,"{1864, 1916}","{2108, 1919}"
1984,"{1810, 2108, 1813}","{2568, 1809, 1812, 1807}"
1985,"{1864, 2151}","{2225, 2076}"
1986,"{2282, 2570}","{1809, 1812, 2569}"
1987,"{2571, 1812, 1886}","{2509, 1887}"
1988,"{1970, 1810, 1813}","{1809, 2331, 1812, 1807}"
1989,{2572},{2364}
1990,"{2573, 2574}","{2082, 2575}"
1991,"{2576, 2577}","{2578, 2579}"
1992,"{1864, 2580}","{1865, 2012, 1822}"
1993,{2581},{2582}
1994,"{1905, 2583}","{2210, 2004}"
1995,"{2441, 1822}","{2440, 1812}"
1996,{2586},"{2584, 2585}"
1997,"{1810, 2396, 1813}","{2576, 1809, 1812, 1807}"
1998,{2587},{1994}
1999,"{2589, 1813}","{2588, 2237}"
2000,"{2130, 2590}","{2129, 1812, 2311}"
2001,{2193},"{1810, 2591}"
2002,"{2592, 1984}","{1827, 2275}"
2003,"{1937, 1810}","{1873, 1812, 1806}"
2004,"{2594, 2331, 1813}","{1809, 1812, 2593, 1807}"
2005,"{2448, 1810}","{1809, 2595}"
2006,"{1812, 2596, 1813}","{1870, 1887}"
2007,"{2090, 1887}","{1848, 2597, 1886}"
2008,"{2068, 1813, 2598}","{1873, 1870, 2599}"
2009,"{2600, 1988, 1812}","{2601, 1987}"
2010,"{1864, 2603}","{2602, 2388, 1822}"
2011,"{2424, 2004, 1812}","{1848, 2604}"
2012,"{1810, 2605, 1813}","{1809, 1812, 2269, 1807}"
2013,"{1810, 2035, 1813}","{1809, 2315, 1812, 1807}"
2014,"{1810, 2575}","{1809, 2606}"
2015,{2607},{2608}
2016,"{2609, 1988, 1812}","{2610, 1987}"
2017,"{1905, 2611}","{1832, 2004}"
2018,"{1810, 2612}","{2613, 1812, 1981}"
2019,{2615},"{1810, 2614}"
2020,"{2536, 1810}","{2616, 2196}"
2021,{2618},"{2584, 2617}"
2022,"{1864, 2153}","{2075, 2076, 1822}"
2023,"{2362, 1810, 1813}","{1809, 1812, 1845, 1807}"
2024,"{1864, 2619}","{1865, 2036, 1822}"
2025,{2620},{2490}
2026,"{2621, 1813}","{1812, 2622, 1807}"
2027,"{1845, 2623}","{2624, 2625}"
2028,{2626},{2441}
2029,{2628},{2627}
2030,"{1810, 2629}","{2017, 1812, 2081}"
2031,{2630},{2631}
2032,"{2632, 1810, 1923}","{1809, 2611, 1812, 2214}"
2033,"{1812, 2622}","{1848, 2181}"
2034,{2633},{2046}
2035,{2343},"{2434, 1828}"
2036,"{2634, 1812, 1886}","{2574, 1887}"
2037,"{2635, 1812}","{1848, 1869}"
2038,"{2636, 1822}","{2073, 1812}"
2039,"{1813, 2637, 2638}","{1809, 2594, 1812, 1807}"
2040,"{1810, 1813, 2639}","{2640, 1809, 1812, 1807}"
2041,{2641},{1999}
2042,"{1862, 1822}","{1812, 1902}"
2043,"{1810, 2190}","{1898, 1828}"
2044,{2643},{2642}
2045,"{1812, 1957, 1886}","{1958, 1887}"
2046,{2644},{2316}
2047,"{1827, 1812, 2645}","{1848, 2646}"
2048,"{1923, 2276}","{2612, 1812}"
2049,"{2648, 1887}","{1812, 1886, 2647}"
2050,{2649},{2650}
2051,"{1809, 2284}","{2651, 2479}"
2052,"{2652, 2654}","{1905, 2653}"
2053,"{1813, 2655, 1991}","{1873, 2570, 1870}"
2054,"{2656, 2658}",{2657}
2055,"{1899, 2659, 1822}","{1864, 1900, 2420}"
2056,"{1810, 2660, 1813}","{1809, 1812, 2661, 1807}"
2057,{2662},{2663}
2058,"{1900, 1812, 2461}","{1899, 1822}"
2059,"{2665, 1810, 1812}","{2664, 1828}"
2060,{2667},"{1810, 2666}"
2061,"{1810, 2669}","{1809, 2668}"
2062,"{1864, 2288}","{2156, 1822}"
2063,"{2520, 1822}","{2401, 1812}"
2064,{2670},{2223}
2065,{2671},{2672}
2066,"{2673, 1810}","{2017, 1812, 2510}"
2067,"{2674, 1810}","{2322, 2675}"
2068,"{1809, 2677}","{2393, 2676}"
2069,{2222},{1944}
2070,"{2273, 2678}","{1817, 2679}"
2071,"{2640, 1817, 1813}","{2680, 1809, 1807}"
2072,"{1810, 2124, 1887}","{2681, 1812, 1886}"
2073,"{2040, 2683, 1813}","{1873, 2682, 1870}"
2074,"{1810, 1854}","{2684, 1827, 1828}"
2075,"{1812, 2685, 1886}","{2601, 1887}"
2076,{2298},"{1810, 2583}"
2077,"{2469, 2686}","{1812, 2013, 2687}"
2078,{2688},{2503}
2079,"{1858, 1812}","{1848, 2689}"
2080,"{2016, 2122}","{2690, 2082}"
2081,{2691},{2692}
2082,"{1812, 2693}","{1848, 2694}"
2083,{2695},{1964}
2084,"{2696, 1822}","{1812, 2102}"
2085,{2697},{2698}
2086,{2700},"{2699, 1909}"
2087,{2701},{2702}
2088,"{1864, 1957, 2215}","{1958, 1822, 2703}"
2089,"{1810, 1870}","{1809, 1812}"
2090,"{2705, 1810}","{2016, 1812, 2704}"
2091,{2706},{2707}
2092,"{2708, 1812}","{1848, 1963}"
2093,"{2269, 2710}","{2709, 1927}"
2094,"{1864, 2407}",{2478}
2095,"{1810, 2157}","{2712, 2711}"
2096,"{2713, 1822}","{1812, 2270}"
2097,"{1810, 1813, 2714}","{1809, 1882, 1812, 1807}"
2098,{2716},{2715}
2099,"{2717, 1822}","{1835, 1812}"
2100,{2130},{2718}
2101,"{2097, 2719}","{2306, 2082}"
2102,"{1858, 2694}","{2720, 1812, 2070}"
2103,{2721},{2091}
2104,{2722},{1853}
2105,"{1810, 2723, 1813}","{1809, 1812, 2383, 1807}"
2106,"{1987, 1991}","{1988, 2724, 1812}"
2107,"{1864, 2726}","{1966, 2725, 1822}"
2108,{2727},{2728}
2109,"{2729, 1810}","{1812, 1813, 1807}"
2110,{2730},{2508}
2111,"{2731, 2004}","{1905, 2732}"
2112,{2733},{2734}
2113,"{1822, 2735}","{2658, 1812}"
2114,{2736},{2092}
2115,{2737},{2738}
2116,"{1984, 1843}","{2530, 1827}"
2117,{2739},{2114}
2118,"{1810, 2741}","{1945, 2740, 1812}"
2119,"{1864, 2742}","{2473, 1919}"
2120,{2743},{2730}
2121,"{2744, 1810, 1813}","{2745, 1812, 1809, 1807}"
2122,{2746},{2747}
2123,"{2016, 2748}","{2017, 1812, 2749}"
2124,"{1884, 2750}","{2546, 1885}"
2125,{2751},"{2752, 1812, 2214}"
2126,"{2753, 1810, 1923}","{1992, 2065, 2067}"
2127,"{1810, 2157}","{2313, 2754}"
2128,{2755},{2756}
2129,"{1810, 1813, 2758}","{1809, 1812, 2757, 1807}"
2130,{2759},{2760}
2131,"{1953, 1812, 2461}","{1950, 1822}"
2132,{2762},{2761}
2133,"{1810, 2763}","{1812, 2613, 1902}"
2134,"{2768, 2765, 2766}","{2764, 2767}"
2135,{2769},{2770}
2136,"{1864, 2771}","{2035, 2076, 1822}"
2137,{2275},{2206}
2138,{2083},{2772}
2139,"{1812, 2773, 2095}","{1848, 2082, 2774}"
2140,{2775},{2776}
2141,"{2777, 1887}","{2778, 1812, 1886}"
2142,{2779},{2780}
2143,"{1810, 1813, 2782}","{1809, 1812, 2781, 1807}"
2144,"{1812, 2783}","{1848, 2430}"
2145,"{1864, 2785}","{2784, 1909}"
2146,"{1810, 2132}","{2016, 2786, 1812}"
2147,"{1813, 2470}","{2787, 1870}"
2148,"{1810, 2098, 1813}","{1809, 2788, 1812, 1807}"
2149,{2353},{2090}
2150,"{1864, 2789}","{2641, 2018, 1822}"
2151,"{1810, 1812, 2790}","{2425, 1828}"
2152,"{2243, 1813, 2791}","{2792, 1873, 1870}"
2153,"{1810, 2030}","{2793, 1812, 1809}"
2154,{2794},{1919}
2155,"{2302, 1887}","{2795, 1812, 1886}"
2156,{2796},{2797}
2157,"{2798, 1822}","{1812, 2799}"
2158,{2800},"{1984, 1810}"
2159,"{2244, 1813, 1871}","{1873, 2801, 1870}"
2160,{2803},{2802}
2161,"{2805, 1998}","{2804, 1870}"
2162,{2806},{2051}
2163,"{1810, 1812, 1821}","{1828, 2677}"
2164,{2807},"{2808, 1810}"
2165,"{2809, 1988, 1812}","{2810, 1987}"
2166,"{2077, 1810, 1813}","{1809, 2811, 1812, 1807}"
2167,{2813},"{1810, 2812}"
2168,"{1988, 1812, 2814}","{2667, 1987}"
2169,"{1822, 2815}","{1827, 1812}"
2170,{2637},{1905}
2171,"{2106, 1812, 1950}","{1953, 1810, 2105}"
2172,{2817},"{2816, 1810}"
2173,"{2818, 1810}","{1817, 1812, 1879}"
2174,"{1810, 2780, 1813}","{1809, 2819, 1812, 1807}"
2175,"{2820, 1812, 2031}","{2491, 1870}"
2176,{2821},{2822}
2177,"{1872, 2801}","{2315, 2823}"
2178,"{1855, 2247}","{2824, 2119}"
2179,{2825},"{1810, 2347}"
2180,{2826},{2115}
2181,"{1954, 1810, 1813}","{1809, 2827, 1812, 1807}"
2182,{2828},"{1810, 2829}"
2183,"{1992, 1810}","{1993, 1827, 1828}"
2184,"{2734, 1822}","{1812, 2830}"
2185,{2405},{2404}
2186,"{2832, 1810}","{2237, 2831}"
2187,"{2833, 1822}","{2433, 1812}"
2188,"{1809, 2834}","{2526, 1919}"
2189,"{2674, 2004}","{1905, 2835}"
2190,{2836},{2837}
2191,"{1822, 2838}","{2600, 1812}"
2192,"{1812, 2574, 2095}","{1848, 2082, 2839}"
2193,"{2656, 2326}",{2840}
2194,"{2841, 1810, 1813}","{1809, 1812, 2005, 1807}"
2195,"{1864, 2843}","{2842, 2844, 1822}"
2196,"{2656, 2845}",{2846}
2197,"{2848, 2636}","{2073, 2847}"
2198,{2849},{2465}
2199,{2850},{2851}
2200,"{1864, 2853}","{2852, 1919}"
2201,"{1810, 1813, 2749}","{1809, 1812, 2854, 1807}"
2202,{2855},{2856}
2203,{2857},{2858}
2204,"{1810, 2859, 1812}","{1828, 2044}"
2205,{2172},{2860}
2206,{2861},"{1812, 2862, 2863}"
2207,"{2864, 1810, 1813}","{2865, 1812, 1809, 1807}"
2208,"{2056, 2082, 1813}","{1873, 2866, 1870}"
2209,{2867},{2264}
2210,"{1858, 2446}","{2868, 1812, 2070}"
2211,"{2869, 2870}","{1812, 1990, 2871}"
2212,{2872},{2873}
2213,{2874},{2723}
2214,"{2273, 2119}","{1817, 2875}"
2215,"{1902, 2374}","{1862, 2375}"
2216,{2876},{2877}
2217,{2878},{2314}
2218,"{2299, 2869}","{1990, 2879}"
2219,"{2880, 2273}","{2881, 2322}"
2220,{2882},"{1810, 2634}"
2221,{2883},{2473}
2222,"{2237, 2470}","{1873, 1870}"
2223,{2884},{2885}
2224,{2886},{2887}
2225,{2888},{2889}
2226,{2890},{2891}
2227,"{1856, 1984}","{1827, 2892}"
2228,{2893},{2894}
2229,"{1822, 2895}","{2896, 1812}"
2230,{2897},{2742}
2231,"{2898, 1813}","{2561, 1812, 1807}"
2232,"{1810, 2899}","{2704, 1809}"
2233,"{1945, 1813}","{1873, 2793, 1812}"
2234,"{2072, 2029}","{2026, 1883, 1812, 2022}"
2235,"{2657, 1822}","{1812, 2054}"
2236,{2900},"{1810, 2732}"
2237,"{2690, 2122}","{2082, 2291}"
2238,"{1813, 1810, 2901}","{1809, 1812, 2381, 1807}"
2239,"{2902, 2903}","{2904, 2082}"
2240,"{1810, 1813, 2485}","{1809, 1812, 2078, 1807}"
2241,{2906},{2905}
2242,"{1906, 1810, 1813, 1898}","{2190, 1870, 1873, 1905, 1812}"
2243,"{2600, 1988, 1812}","{2387, 1987}"
2244,"{1810, 1878}","{2315, 1812, 1879}"
2245,"{2016, 2908}","{2082, 2907}"
2246,{2909},{1865}
2247,"{2273, 2338}","{1817, 1812, 2910}"
2248,{2911},{2815}
2249,"{1898, 1981}","{1897, 1812, 1902}"
2250,"{2912, 1822}","{2322, 1812}"
2251,"{2914, 2603}","{2913, 2602}"
2252,"{2915, 1828, 1813}","{1873, 1812, 1870, 1887}"
2253,"{1817, 1827, 1887}","{1848, 2273, 1886}"
2254,"{1810, 1999}","{1889, 2315, 1812}"
2255,"{1810, 2916, 1887}","{1886, 1812, 2654}"
2256,"{1864, 2917}","{1865, 2187, 1822}"
2257,"{1810, 2918}",{2919}
2258,"{2920, 1812}","{1848, 2921}"
2259,"{2907, 2908}","{2082, 2037}"
2260,{2922},{2923}
2261,{2924},{2391}
2262,"{2925, 1887}","{2926, 1812, 1886}"
2263,"{2273, 1855}","{1817, 2927}"
2264,{1991},"{1827, 1828}"
2265,{2928},{2606}
2266,"{1810, 2748}","{2904, 2017, 1812}"
2267,{2930},{2929}
2268,"{2120, 1810}","{1809, 2394}"
2269,"{1864, 2180, 2932}","{2178, 2931, 2115}"
2270,{2933},{2934}
2271,"{1813, 2935}","{2936, 1812, 1807}"
2272,"{2937, 2604}","{2424, 2938, 1827}"
2273,{2939},{2940}
2274,{2021},{2941}
2275,{2942},{2012}
2276,"{1810, 2117}","{2418, 2237}"
2277,"{1858, 2943}","{1958, 1812, 2070}"
2278,"{2944, 1813}","{2099, 1812, 1807}"
2279,"{1864, 2945}","{2946, 2388, 1822}"
2280,"{1864, 2948}","{2945, 2947, 1822}"
2281,"{1810, 1813, 2949}","{1809, 1812, 2293, 1807}"
2282,"{1988, 1812, 2950}","{2882, 1987}"
2283,{2863},"{2216, 1909}"
2284,"{1864, 2617}","{2618, 1822, 2951}"
2285,{2777},"{2952, 1810}"
2286,"{2953, 1810}","{1809, 2954, 1812}"
2287,"{1810, 2955, 1813}","{2104, 1809, 1812, 1807}"
2288,{2956},{2957}
2289,{2958},{2852}
2290,{2318},"{2290, 1827}"
2291,"{2840, 1822}","{2714, 1812}"
2292,{2959},{1912}
2293,"{2961, 1822}","{2960, 1812}"
2294,"{1864, 2963}","{2018, 1822, 2962}"
2295,{2947},"{2584, 2948}"
2296,{2965},{2964}
2297,"{1810, 2204}","{2119, 2519}"
2298,"{1813, 2254}","{1998, 1807}"
2299,"{1864, 2967}",{2966}
2300,"{2409, 1884}","{1885, 2367}"
2301,{2718},{2415}
2302,"{2968, 1957}","{2489, 1958}"
2303,"{2969, 2273}","{1817, 1812, 2061}"
2304,{2970},{2513}
2305,"{2972, 1988, 1812}","{2971, 1987}"
2306,"{2973, 1822}","{1812, 1983}"
2307,"{2974, 1822}","{1812, 2926}"
2308,"{1906, 1810, 2470}","{1905, 1870, 2975}"
2309,"{1809, 2247}","{1808, 2976}"
2310,"{2977, 1812, 1958}","{1810, 1957, 1822, 1847}"
2311,"{2978, 1810, 1813}","{2153, 1812, 1809, 1807}"
2312,"{2196, 2004}","{1905, 2916}"
2313,"{2980, 1813, 2981}","{1809, 2979, 1812, 1807}"
2314,"{1810, 2350, 1887}","{2110, 1812, 1886}"
2315,{2353},"{2258, 1827}"
2316,{2982},{2636}
2317,"{1812, 1886, 2983}","{2908, 1887}"
2318,"{1858, 1950}","{1899, 1812, 2070}"
2319,"{2985, 1810}","{2984, 2121}"
2320,"{1817, 2986, 1813, 1822}","{2881, 1873, 1812, 1870}"
2321,"{2336, 1984}","{1809, 2987}"
2322,"{1810, 2011}","{1817, 1996, 1812}"
2323,{2988},{2523}
2324,{2989},{2990}
2325,{2267},{2991}
2326,"{2002, 1810}","{1936, 1812, 1806}"
2327,"{1873, 2953}","{2954, 1807}"
2328,{2992},{2993}
2329,{2477},"{2994, 1810}"
2330,"{1987, 2475}","{2995, 1988, 1812}"
2331,"{1810, 2996}","{2362, 1835, 1812}"
2332,{2997},"{1810, 2998}"
2333,{2999},{3000}
2334,"{1810, 1812, 2031}","{1828, 2567}"
2335,"{1810, 2206}","{2984, 1809}"
2336,"{2316, 2446}","{3001, 2315}"
2337,{3002},{3003}
2338,"{3004, 1822}","{1812, 3005}"
2339,"{1810, 1813, 2174}","{1809, 1883, 1812, 1807}"
2340,"{2122, 3006}","{2082, 2395}"
2341,"{1864, 3007}","{2219, 1919}"
2342,"{3009, 1812, 1886}","{3008, 1810, 1887}"
2343,"{2816, 1810}",{3010}
2344,"{3011, 2470}","{2164, 1870}"
2345,{3012},{2217}
2346,"{3013, 1886}","{3009, 1810, 1887}"
2347,{2579},{3014}
2348,"{1817, 1813, 3015}","{1809, 2430, 1807}"
2349,"{1942, 1822}","{3016, 1812}"
2350,"{1984, 3017}","{1809, 2442}"
2351,"{1898, 1923}","{1897, 2067, 1812}"
2352,"{1810, 1813, 1935}","{1809, 2068, 1812, 1807}"
2353,"{1817, 3019, 1813}","{1809, 3018, 1807}"
2354,"{2017, 1810}","{2392, 1806}"
2355,"{3020, 1988, 1812}","{1987, 2685}"
2356,"{3021, 1991}","{1992, 1810, 2290}"
2357,{3022},{2788}
2358,{3023},{2853}
2359,{2125},"{3024, 1809}"
2360,"{3026, 2675}","{3025, 2196}"
2361,"{2675, 2723}","{3025, 2383}"
2362,"{1810, 3027, 1813}","{1809, 1812, 2253, 1807}"
2363,"{1810, 2386}",{3028}
2364,"{3029, 1822}","{1812, 1815}"
2365,"{1887, 3031}","{1812, 3030, 1886}"
2366,"{1993, 1812}","{3032, 1822}"
2367,"{3033, 2595}","{3034, 2315}"
2368,"{1864, 3036}","{3035, 2963, 1822}"
2369,"{1810, 1813, 2822}","{1809, 1812, 3037, 1807}"
2370,"{2126, 1822}","{1812, 2277}"
2371,{3038},{3026}
2372,"{1864, 1867}","{1822, 3007}"
2373,"{1988, 1812, 1884}","{1987, 1885}"
2374,{3039},{3040}
2375,{2273},"{1817, 2467}"
2376,"{3041, 1988, 1812}","{3042, 1987}"
2377,"{1864, 2535}","{2115, 2652}"
2378,"{1905, 3043, 1813}","{1809, 1812, 1989, 1807}"
2379,"{2707, 1902}","{3044, 1862}"
2380,{3045},{2659}
2381,"{1817, 2645}","{2214, 2430}"
2382,"{2097, 3006}","{2082, 3046}"
2383,{3047},{2166}
2384,{3048},{3025}
2385,"{1962, 2082, 1813}","{1873, 1870, 2903}"
2386,"{3049, 1905}","{2004, 2068}"
2387,"{3050, 1810, 1813}","{1809, 3051, 1812, 1807}"
2388,{3052},{3053}
2389,{3054},{2974}
2390,"{2660, 2765}","{1812, 3055}"
2391,"{1810, 2636, 1813}","{2073, 1812, 1809, 1807}"
2392,{2656},{3056}
2393,{2094},"{2609, 1810}"
2394,{3057},{2077}
2395,"{1809, 2251}",{2976}
2396,"{1827, 1812}","{1848, 2995}"
2397,{2251},{3058}
2398,{3059},{2912}
2399,"{2536, 2723}","{2383, 2295}"
2400,"{1864, 3060}","{2388, 2077, 1822}"
2401,{2002},{2596}
2402,{3061},{3062}
2403,"{1848, 1810, 1984}","{1809, 1947, 1812}"
2404,"{1864, 2725}","{3063, 1919}"
2405,{3064},{2035}
2406,"{3065, 1898, 1813}","{1873, 3066, 1870}"
2407,{2040},{1895}
2408,"{1812, 1957, 1886}","{1958, 1822, 1887}"
2409,"{3067, 1845}","{2625, 3068}"
2410,{3069},{1948}
2411,"{1864, 2699}","{1909, 2967}"
2412,"{2432, 1864}","{2584, 1919}"
2413,"{1817, 1813, 3071}","{1873, 1870, 3070}"
2414,{3072},{2725}
2415,"{1988, 1812, 2839}","{3073, 1987}"
2416,{3074},{3075}
2417,"{1810, 2091, 1813}","{1809, 1812, 2205, 1807}"
2418,{3076},{3077}
2419,"{1810, 1812, 3078}","{1848, 1828, 3079}"
2420,"{3080, 3008}","{3081, 1870}"
2421,"{2273, 2338}","{1817, 3082, 1812}"
2422,"{1810, 3084, 1813}","{1809, 3083, 1812, 1807}"
2423,"{2793, 1810}","{1945, 1870}"
2424,"{2362, 2338, 1813}","{1809, 1812, 3085, 1807}"
2425,"{1813, 3087}","{3086, 1807}"
2426,{3088},{2625}
2427,"{2004, 2654}","{1905, 1901}"
2428,"{1817, 2004, 1887}","{1848, 1818, 1886}"
2429,{3089},{3090}
2430,"{1984, 1915}","{1827, 3091}"
2431,{3092},{2833}
2432,{3093},{2841}
2433,{3094},{3095}
2434,"{2114, 1822}","{1812, 2190}"
2435,{3096},{3007}
2436,"{1899, 1951}","{1952, 1810, 1900}"
2437,"{1810, 2434, 1887}","{2322, 1812, 1886}"
2438,"{3097, 1810, 1813}","{1809, 3019, 1812, 1807}"
2439,"{1810, 1813, 2453}","{1809, 1807, 1812, 2711}"
2440,"{3098, 1822}","{2681, 1812}"
2441,"{3099, 2004}","{1905, 2089}"
2442,"{3100, 1812, 2095}","{1848, 2082, 3101}"
2443,"{1817, 2187, 1813, 1822}","{1873, 1812, 1877, 1870}"
2444,"{1810, 1813, 3103}","{1809, 1812, 3102, 1807}"
2445,{3104},{1856}
2446,{3105},"{2584, 3106}"
2447,"{2866, 1812, 2095}","{1848, 2082, 3107}"
2448,"{2881, 1884}","{2952, 1885}"
2449,{2354},"{1827, 3108, 1812}"
2450,"{2040, 2260}","{1827, 2261}"
2451,"{2896, 3109}","{2463, 2895}"
2452,"{1809, 2290, 1887}","{3110, 1812, 1886}"
2453,"{2416, 1810, 1812}","{1828, 2263}"
2454,{3111},{2116}
2455,{3112},{2203}
2456,{3113},{2219}
2457,"{3115, 1813}","{3114, 1807}"
2458,"{1810, 2866}","{2056, 2082, 1812}"
2459,"{1988, 1812, 2998}","{1987, 2773}"
2460,"{2589, 1813}","{1817, 1812, 1807}"
2461,"{1817, 2434, 1887}","{2273, 1812, 1886}"
2462,{3116},{3117}
2463,{3118},{2986}
2464,"{3056, 1810, 1813}","{2439, 1809, 1812, 1807}"
2465,{3119},"{3120, 1810}"
2466,"{1864, 2153}","{3121, 2076, 1822}"
2467,"{1812, 1988, 2829}","{2866, 1987}"
2468,"{1882, 2029}","{1881, 2026, 1883, 1812}"
2469,{3123},{3122}
2470,"{2390, 1822}","{2964, 1812}"
2471,{2074},{3018}
2472,{3124},{2758}
2473,"{1864, 2203}","{2852, 2215}"
2474,{2144},"{1810, 1812, 3125}"
2475,"{2082, 1813, 1871}","{1873, 2908, 1870}"
2476,"{2073, 3126}","{2848, 2074}"
2477,"{1810, 1812, 2117}","{1960, 1828}"
2478,"{2712, 1810}","{2313, 3127}"
2479,{2024},"{1810, 2898}"
2480,{3128},{2374}
2481,"{1864, 2321}","{3129, 2076, 1822}"
2482,"{3130, 1810, 1812}","{1848, 2283, 1828}"
2483,"{2514, 1810, 1813}","{1809, 1812, 2246, 1807}"
2484,{2488},"{2235, 2486, 1822}"
2485,"{1984, 1810, 3132}","{1809, 3131}"
2486,"{3133, 1822}","{1812, 3134}"
2487,"{2456, 1822}","{1812, 3135}"
2488,{3136},{2346}
2489,"{1810, 2291, 1813}","{1809, 1812, 2151, 1807}"
2490,"{1905, 3138}","{3137, 2004}"
2491,{3139},"{1810, 2101}"
2492,{3141},{3140}
2493,"{1810, 2031}","{2665, 2214, 1812, 1870}"
2494,{3142},{3143}
2495,"{1964, 2069}","{3144, 2315}"
2496,{2334},{2710}
2497,"{3145, 1822}","{1812, 1981}"
2498,{3146},{2344}
2499,"{3147, 1813}","{2820, 1812, 1807}"
2500,{3148},{3149}
2501,{2520},{2173}
2502,"{1898, 2004}","{1905, 1947}"
2503,"{1810, 1813, 1890}","{1809, 2963, 1812, 1807}"
2504,{3150},{3151}
2505,"{3152, 1813, 1879}","{1873, 2978, 1870}"
2506,{3153},{1863}
2507,"{3154, 1887}","{1848, 1827, 1886}"
2508,"{3155, 1813}","{2260, 1812, 1807}"
2509,"{1810, 2059}","{2016, 1876, 1812}"
2510,"{1810, 3156}","{2370, 1991}"
2511,{3158},{3157}
2512,{3159},{2201}
2513,"{2029, 2781}","{3160, 2026, 1883, 1812}"
2514,"{2437, 2078}","{1832, 1810, 2435}"
2515,"{1810, 2085}","{3161, 1809}"
2516,"{1810, 1812, 2237}","{3011, 1828}"
2517,{3162},{3163}
2518,"{2361, 1887}","{3164, 1812, 1886}"
2519,"{1988, 1812, 2646}","{1987, 2900}"
2520,{2371},{3165}
2521,"{1864, 2863}","{2785, 1909}"
2522,"{2273, 1810, 2039}","{1817, 3010, 1812}"
2523,{3166},{2643}
2524,{3167},{2008}
2525,"{2664, 1988, 1812}","{2450, 1987}"
2526,"{1810, 1813, 1863}","{2705, 1812, 1809, 1807}"
2527,"{2673, 1991}","{2017, 1850, 1812}"
2528,"{2306, 1810, 1813}","{2951, 1809, 1812, 1807}"
2529,"{2330, 2804}","{3168, 2017, 1812}"
2530,"{3168, 3169}","{2128, 1812, 2062}"
2531,"{2817, 1887}","{3170, 1812, 1886}"
2532,"{1810, 1813, 2014}","{1809, 3171, 1812, 1807}"
2533,"{3172, 1813}","{1812, 2278, 1807}"
2534,{3173},{3174}
2535,"{2994, 1812, 1886}","{2097, 1887}"
2536,"{2522, 3095}","{1904, 2756, 1822}"
2537,"{1864, 2158}","{2453, 3175}"
2538,"{3176, 2568, 1813}","{1873, 3177, 1870}"
2539,{3179},{3178}
2540,{2399},"{2017, 3013}"
2541,{3180},"{2434, 1827}"
2542,"{1849, 1810, 1813}","{1809, 1812, 3181, 1807}"
2543,{3182},{2494}
2544,"{1988, 1812, 3183}","{3184, 1987}"
2545,"{3186, 3187}","{3185, 1812, 2006}"
2546,{2764},{1864}
2547,"{1810, 1813, 2575}","{2945, 1812, 1809, 1807}"
2548,{2863},"{2217, 2406}"
2549,"{1889, 2082, 1813}","{1873, 1870, 2079}"
2550,{3188},{3189}
2551,"{3190, 1822}","{2088, 1812}"
2552,{2234},"{2232, 2235, 1822}"
2553,"{1810, 2031}","{2408, 3191}"
2554,{3192},{2412}
2555,"{1810, 1813, 3194}","{3193, 1812, 1809, 1807}"
2556,"{2698, 1812}","{3195, 1822}"
2557,{2269},{2766}
2558,{3197},{3196}
2559,{3198},{3199}
2560,"{3200, 2004}","{1905, 3201}"
2561,"{1817, 1827}","{2273, 2214}"
2562,{3202},{3203}
2563,"{1810, 1812, 3086}","{3204, 1828}"
2564,"{1810, 1949, 1887}","{1812, 3205, 1886}"
2565,"{2802, 1996, 1813}","{1873, 1849, 1870}"
2566,"{2168, 1810}","{2425, 1809}"
2567,"{2390, 1887}","{1848, 1827, 1886}"
2568,"{1812, 2325}","{3206, 1822}"
2569,"{1822, 2582}","{1812, 2790}"
2570,"{2986, 1822}","{2880, 1812}"
2571,"{1810, 3149, 1813}","{3207, 1809, 1812, 1807}"
2572,{3208},{2113}
2573,"{2130, 2131}","{2129, 1812, 2590}"
2574,"{1810, 3210}","{3209, 1809}"
2575,"{2273, 2082}","{1817, 3211}"
2576,"{1898, 3212, 1813}","{1873, 1812, 2517, 1870}"
2577,{3213},{3214}
2578,{3129},{1878}
2579,"{2370, 1812, 1813}","{2540, 1870}"
2580,"{1987, 1886, 1822}","{1988, 1812, 1887}"
2581,"{1810, 3215}","{3156, 1812, 2439}"
2582,"{3107, 1988, 1812}","{1987, 2813}"
2583,"{3216, 1812, 1886}","{2387, 1887}"
2584,{3217},"{2176, 1810}"
2585,"{3218, 1813}","{3087, 1807}"
2586,{3219},"{1827, 1828}"
2587,"{1810, 3220, 1887}","{3016, 1812, 1886}"
2588,"{1810, 1813, 3006}","{1809, 3179, 1812, 1807}"
2589,{3221},{1972}
2590,"{1835, 1957}","{1827, 1958}"
2591,"{1887, 3119}","{3222, 1812, 1886}"
2592,{2602},{3033}
2593,"{1832, 1813, 3223}","{2870, 1873, 1870}"
2594,{3224},{2798}
2595,"{2229, 1887}","{3225, 1812, 1886}"
2596,"{3226, 3227, 1813}","{1873, 3228, 1870}"
2597,{3229},{3230}
2598,{3231},{3232}
2599,"{2678, 2470}","{3233, 1870}"
2600,"{2243, 2004}","{1905, 2597}"
2601,{3042},"{1810, 2123}"
2602,"{2116, 1822}","{1898, 1812}"
2603,"{1864, 2863}","{2217, 1910}"
2604,{1974},"{2632, 1810}"
2605,{3234},{3190}
2606,"{2000, 1810, 1813}","{1809, 1812, 2789, 1807}"
2607,{3131},"{1809, 3139}"
2608,"{2550, 1812, 1886}","{1810, 2549, 1887}"
2609,"{1905, 2098, 1813}","{1809, 3235, 1812, 1807}"
2610,{3236},{3237}
2611,"{1882, 3239}","{1881, 1883, 1812, 3238}"
2612,"{2444, 1813, 1876}","{1873, 2069, 1870}"
2613,"{3240, 2362}","{1810, 2562, 2901}"
2614,"{2964, 1822}","{1812, 2390}"
2615,"{1864, 3237}",{2215}
2616,"{2408, 1809}","{2416, 1805}"
2617,"{2193, 3241}","{2082, 2171, 1812}"
2618,{3242},{1918}
2619,"{2656, 3243}",{2713}
2620,"{2362, 3244}","{2562, 3245}"
2621,{2568},"{1828, 2645}"
2622,"{3200, 1810}","{2332, 1902}"
2623,"{3080, 3081}","{1928, 1870}"
2624,"{2896, 2092}","{2895, 1991}"
2625,"{2098, 2243, 1813, 2278}","{2148, 3246, 1870, 1873, 1810, 1812, 1848, 2040}"
2626,"{1864, 1976}","{1966, 2853, 1822}"
2627,"{1808, 1809}","{2976, 2293}"
2628,"{2960, 1810, 1813}","{1809, 2492, 1812, 1807}"
2629,{2830},"{1827, 3247}"
2630,"{3248, 1813, 1991}","{1873, 3249, 1870}"
2631,"{1900, 1812, 1886}","{1899, 1887}"
2632,{3250},{2652}
2633,"{2220, 1813}","{3251, 1812, 1807}"
2634,{3252},{3253}
2635,"{1810, 2261}","{1809, 2303}"
2636,{3254},{2783}
2637,"{2632, 1810, 1887}","{2214, 1809, 2611, 1812, 1886}"
2638,"{2069, 1810, 1813}","{1809, 2618, 1812, 1807}"
2639,"{1813, 1870}","{1807, 3191}"
2640,"{1822, 3255}","{1812, 2845}"
2641,{3256},{2038}
2642,{3070},"{1817, 2459}"
2643,"{1923, 1988, 2941}","{2977, 1987, 1812}"
2644,"{1858, 2495}","{3257, 1812, 2070}"
2645,"{3258, 1813}","{2499, 1812, 1807}"
2646,"{3259, 1822}","{1812, 3214}"
2647,"{1905, 1812}","{1848, 2654}"
2648,"{2896, 2776}","{2895, 3015}"
2649,"{1810, 3261}","{2121, 3260}"
2650,"{1810, 3085}","{2362, 2338}"
2651,"{1810, 2614}",{2531}
2652,"{1810, 3262}","{2119, 2519}"
2653,"{1810, 1987, 3263}","{1988, 1812, 3015}"
2654,"{2180, 2661, 1822}","{1864, 2738}"
2655,"{3264, 1810}","{1812, 1807}"
2656,{3265},{2838}
2657,"{3020, 1812, 1886}","{2600, 1887}"
2658,"{3140, 1813}","{3266, 1812, 1807}"
2659,"{1864, 2946}","{1865, 2388, 1822}"
2660,{3268},"{1810, 3267}"
2661,"{1810, 1813, 2934}","{1809, 2731, 1812, 1807}"
2662,"{2885, 1822}","{2004, 1812}"
2663,"{3230, 1822}","{3217, 1812}"
2664,"{1884, 3269}","{2228, 1885}"
2665,"{1832, 2067}","{1810, 2819}"
2666,"{1988, 1812, 3270}","{1987, 3271}"
2667,{3272},{2696}
2668,"{3033, 1810}","{2786, 2315, 1812}"
2669,"{1858, 1894}","{2648, 1812, 2070}"
2670,"{1810, 1981}",{2390}
2671,"{3091, 1887}","{2206, 1812, 1886}"
2672,"{1817, 2715, 1813, 1822}","{1873, 1812, 1870, 2055}"
2673,"{2032, 1813, 1839}","{1809, 3090, 1812, 1807}"
2674,"{1810, 3051}","{1932, 3102}"
2675,"{3170, 1812}","{1848, 3049}"
2676,{3273},{2048}
2677,"{3274, 1923, 1812, 1886}","{2365, 1887}"
2678,{3275},{2534}
2679,{3276},{2178}
2680,"{2610, 1812, 2095}","{1848, 2082, 3270}"
2681,"{3278, 1813, 3102}","{1873, 3277, 1870}"
2682,"{1905, 2421}","{2969, 2004}"
2683,{3279},{3098}
2684,{3280},{2305}
2685,{3028},"{2028, 1902}"
2686,"{1822, 2191}","{1812, 3262}"
2687,"{3281, 1810, 1813}","{3215, 1809, 1812, 1807}"
2688,"{2437, 1807}","{3282, 1810, 2435}"
2689,"{1988, 1812, 2774}","{1987, 2828}"
2690,"{1822, 2023}","{3243, 1812}"
2691,"{2553, 2786, 1813}","{1873, 2595, 1870}"
2692,{2684},{2663}
2693,"{1987, 3219}","{1988, 2724, 1812}"
2694,"{2472, 1810, 1813}","{1832, 1809, 1812, 1807}"
2695,{3283},{3050}
2696,{2180},{1923}
2697,"{1984, 2197}","{1827, 2125}"
2698,{2516},{2538}
2699,"{1864, 2962}","{2018, 2077, 1822}"
2700,"{3284, 1812}","{1848, 1810, 3021}"
2701,{2578},{3285}
2702,"{2057, 2141, 1813}","{2944, 1873, 1812, 1870}"
2703,"{1810, 1813, 2694}","{1809, 1812, 2577, 1807}"
2704,"{1812, 1886, 2028}","{2110, 1887}"
2705,"{1865, 1809}","{2016, 1919}"
2706,"{1817, 2778}","{2273, 2750}"
2707,"{1810, 2444}","{2811, 1876, 1812}"
2708,"{2921, 1810, 1923}","{3024, 2067, 1828}"
2709,"{1923, 2029, 2559}","{2026, 2350, 1810, 1812, 2006}"
2710,{3286},{2847}
2711,"{3288, 1905}","{2004, 3287}"
2712,"{3289, 2041, 1813}","{1873, 3290, 1870}"
2713,{3291},{3292}
2714,"{1810, 3117, 1813}","{1809, 1812, 3293, 1807}"
2715,{3294},{2426}
2716,"{1810, 3084}","{1809, 2069}"
2717,"{2837, 1822}","{1932, 1812}"
2718,{3271},"{1810, 3295}"
2719,"{1858, 1963}","{3296, 1812, 2070}"
2720,"{1984, 3253}","{3297, 1827}"
2721,"{1810, 3298}","{1809, 1812, 2213}"
2722,"{3299, 1822}","{3300, 1812}"
2723,"{1810, 3292, 1813}","{1809, 1812, 3301, 1807}"
2724,"{1817, 1813, 3205}","{1873, 3302, 1870}"
2725,"{1810, 2555}","{1809, 1890}"
2726,"{2804, 3303}","{2017, 1812, 3006}"
2727,"{2430, 1902}","{1818, 3015}"
2728,{3304},{3258}
2729,"{1810, 1813, 3190}","{2088, 1809, 1812, 1807}"
2730,"{3232, 1822}","{2392, 1812}"
2731,"{1864, 3305}","{2957, 1919}"
2732,"{1864, 3306}","{1865, 2513, 1822}"
2733,"{1884, 2055}","{3120, 1885}"
2734,"{1810, 2526}","{1828, 2206}"
2735,{1813},"{3307, 1870}"
2736,"{1810, 3287}","{1809, 3308}"
2737,"{1810, 3132, 1887}","{1812, 3309, 1886}"
2738,"{3262, 1822}","{1812, 2191}"
2739,"{1810, 3310}","{1809, 1991}"
2740,"{2653, 1822}","{1812, 2654}"
2741,{3311},{3175}
2742,{3312},"{2299, 1981}"
2743,"{3227, 1812}","{1848, 3313}"
2744,{2827},"{3156, 2439}"
2745,"{2666, 1988, 1812}","{1987, 3100}"
2746,{2165},"{1873, 1981}"
2747,"{1816, 1813}","{3314, 1812, 1807}"
2748,"{1864, 3075}","{3315, 1966, 1822}"
2749,"{2217, 1810, 1813}","{1896, 1809, 1812, 1807}"
2750,"{2940, 1822}","{2033, 1812}"
2751,{2799},{3005}
2752,"{2923, 1822}","{1812, 2110}"
2753,"{2123, 1812, 1886}","{2122, 1887}"
2754,"{2209, 1822}","{1812, 2677}"
2755,"{2977, 1899, 1812}","{1810, 1900, 1822, 1847}"
2756,"{1810, 1940}","{3130, 1812}"
2757,{2738},{3316}
2758,"{2765, 3318}","{1812, 3317}"
2759,{3319},{2972}
2760,"{3320, 3321, 1858}","{2832, 1832, 1812, 2549}"
2761,{3322},{3305}
2762,"{2408, 1813}","{2084, 1812, 1807}"
2763,{3323},{2717}
2764,"{1890, 1999}","{2315, 3324}"
2765,"{1812, 1998, 2575}","{3325, 1870}"
2766,"{1810, 2741}","{2084, 1812, 3326}"
2767,"{1858, 3327}","{3328, 2070}"
2768,"{1864, 3329}","{2092, 1919}"
2769,"{3330, 3108}","{3043, 1870}"
2770,"{1988, 1812, 2591}","{2345, 1987}"
2771,"{3210, 1813}","{2062, 1807}"
2772,"{1812, 1988, 3101}","{1987, 2997}"
2773,"{3331, 1822}","{2307, 1812}"
2774,"{2347, 1813}","{1812, 2318, 1807}"
2775,"{2257, 1812}","{1848, 1924}"
2776,"{1905, 1813}","{2143, 1807}"
2777,"{3332, 1813}","{3204, 1807}"
2778,"{1809, 2692}","{2121, 1919}"
2779,"{1812, 3333, 2095}","{1848, 3041, 2082}"
2780,"{2689, 2196}","{2338, 1812, 3334}"
2781,{3335},{3336}
2782,"{1984, 3053}","{1827, 2526}"
2783,"{3337, 1810}","{2121, 3227}"
2784,"{2096, 1988, 1812}","{3338, 1987}"
2785,"{1810, 3339}","{1809, 2805}"
2786,"{1864, 2851}","{2215, 1919}"
2787,{3340},{3341}
2788,{3342},{3145}
2789,"{1887, 2807}","{1812, 1886, 2351}"
2790,"{1956, 1847}","{2977, 1846}"
2791,"{3343, 1812, 2095}","{1848, 2082, 2093}"
2792,"{1810, 2510}","{1809, 2340}"
2793,"{1822, 2631}","{2393, 1812}"
2794,"{1864, 2993}","{2242, 1919}"
2795,{1961},{2228}
2796,{3344},"{1810, 1894}"
2797,"{2656, 2050}",{3345}
2798,"{2273, 3346}","{1817, 3347, 1812}"
2799,"{2936, 3245}","{2184, 3244, 1812, 2006}"
2800,"{2768, 3348, 2765}","{2764, 3349}"
2801,"{1822, 3350}","{1812, 3351}"
2802,"{2306, 1810}","{1809, 1967}"
2803,"{1898, 1812}","{1848, 2057}"
2804,"{1810, 3300, 1813}","{2439, 2375, 1807, 1809, 1812}"
2805,{3352},{2560}
2806,"{1864, 1834}","{2887, 1822, 1919}"
2807,"{2377, 1822}","{1812, 2149}"
2808,{3353},{3350}
2809,{3354},{2592}
2810,"{1864, 3336}","{2256, 1919}"
2811,{3355},{2025}
2812,"{1865, 1810, 1813}","{2016, 1809, 1812, 1807}"
2813,"{1810, 2164, 1887}","{1812, 2085, 1886}"
2814,{3356},{2834}
2815,"{1818, 2383}","{1817, 1812, 3078}"
2816,"{3357, 1822}","{2601, 1812}"
2817,"{1810, 1813, 3358}","{1809, 2139, 1812, 1807}"
2818,{3359},{3315}
2819,{2768},{2388}
2820,{3360},{3361}
2821,"{2356, 1822}","{3154, 1812}"
2822,{2751},{3362}
2823,"{2121, 1987}","{3363, 1988, 1812}"
2824,"{3099, 3365, 1813}","{1873, 3364, 1870}"
2825,{2497},{3011}
2826,"{1896, 1810}",{1895}
2827,"{1810, 2980}","{1895, 2711}"
2828,{3366},{2949}
2829,"{2914, 2947}","{2552, 2913}"
2830,{3073},"{1810, 2983}"
2831,{2784},{1824}
2832,{3367},{2527}
2833,"{1864, 2218}",{1911}
2834,"{3368, 2098, 1813}","{1873, 3369, 1870}"
2835,"{1864, 3370}","{2035, 2388, 1822}"
2836,"{3371, 2804}","{2017, 1812, 3303}"
2837,{3327},{2386}
2838,"{3372, 1812}","{1848, 3373}"
2839,{3374},{2896}
2840,"{1810, 1823}","{2313, 3375}"
2841,"{1810, 2564, 1813}","{1809, 1812, 2041, 1807}"
2842,{3376},{3331}
2843,{3377},{1820}
2844,{3378},{2285}
2845,{3379},{3380}
2846,"{2336, 3382}","{3373, 3381}"
2847,{3383},{3063}
2848,{3384},{2726}
2849,"{2723, 1822}","{3174, 2295}"
2850,"{3386, 3382}","{3385, 3373}"
2851,"{1810, 3363}","{1812, 2317}"
2852,"{2429, 1807}","{1813, 3015}"
2853,{3387},{2179}
2854,"{1810, 2293}","{3301, 2119}"
2855,{3388},{1866}
2856,"{2802, 1995}","{2315, 3389}"
2857,"{2672, 1822}","{3219, 1812}"
2858,"{1810, 2195, 1923}","{2067, 1828, 3390}"
2859,{3391},{2403}
2860,{3392},{2242}
2861,"{1810, 3334}","{3393, 2237}"
2862,"{1864, 3157}","{1909, 2453}"
2863,"{2040, 1813, 2981}","{1809, 1812, 2638, 1807}"
2864,"{3381, 2358}","{2129, 1812, 2063}"
2865,{3394},{2447}
2866,"{3301, 1855}","{2293, 2119}"
2867,"{1885, 2781}","{3160, 1883, 1884, 1812}"
2868,"{1905, 2460}","{2004, 3310}"
2869,{3395},{1846}
2870,"{1810, 2543}","{2098, 1932}"
2871,"{1962, 2316, 1813}","{1873, 2694, 1870}"
2872,"{2443, 1887}","{1848, 3138, 1886}"
2873,{3396},{3357}
2874,"{2860, 1806}","{3304, 2290}"
2875,{2514},{2163}
2876,"{1864, 3106}","{3105, 3397, 1822}"
2877,"{1864, 3398}","{2035, 2012, 1822}"
2878,{3044},"{1810, 1947}"
2879,{3400},{3399}
2880,"{2032, 2273, 1813}","{3401, 1809, 1812, 1807}"
2881,"{1810, 1964}","{2315, 1876, 1812}"
2882,"{1864, 2585}","{3402, 2586, 1822}"
2883,"{2896, 2912}","{2322, 2895}"
2884,"{3186, 3403}","{3185, 1827, 1812}"
2885,"{1810, 1813, 1942}","{3016, 1809, 1812, 1807}"
2886,{3404},{2703}
2887,{3405},{3329}
2888,"{1945, 1813}","{2031, 1807}"
2889,{3406},{2076}
2890,"{3109, 1822}","{1812, 2463}"
2891,{3407},{3032}
2892,{3408},{1811}
2893,"{1864, 3409}","{1919, 2183}"
2894,"{1810, 1823}","{2712, 2980}"
2895,"{2752, 2451}","{1809, 1810, 3410}"
2896,"{3024, 1988, 1812}","{2507, 1987}"
2897,"{1810, 3411}","{2017, 2306, 1812}"
2898,"{1809, 2858}","{2206, 1919}"
2899,"{1887, 2278, 3287}","{2669, 1809, 1810, 1812, 1848, 1886}"
2900,"{2669, 1887}","{2260, 1812, 1886}"
2901,"{1987, 3412}","{2920, 1988, 1812}"
2902,{3413},{2584}
2903,"{2269, 3414}","{2235, 2628, 1822}"
2904,"{3227, 1822}","{1812, 3189}"
2905,{3415},{2372}
2906,{3416},{2535}
2907,"{1810, 2015}","{2017, 1812, 2037}"
2908,"{1810, 1987, 3390}","{3417, 1988, 1812}"
2909,{3418},{3358}
2910,"{2740, 1813}","{2275, 1812, 1807}"
2911,"{1864, 2545}","{2851, 1966, 1822}"
2912,"{2122, 1812, 2095}","{1848, 2082, 2194}"
2913,"{3268, 1887}","{2410, 1812, 1886}"
2914,"{2345, 3046}","{2082, 3419}"
2915,"{3421, 2869}","{3420, 1812, 1990}"
2916,{3422},{2018}
2917,{2353},{2937}
2918,{3423},{2488}
2919,"{3424, 1810}","{3115, 1812, 1870}"
2920,"{2797, 1810, 1813}","{1809, 1812, 3425, 1807}"
2921,"{3077, 1822}","{2040, 1812}"
2922,"{3426, 1812, 1813}","{3147, 3191}"
2923,"{2082, 3427, 1813}","{1873, 3333, 1870}"
2924,"{1817, 2513, 1813, 1822}","{1873, 1812, 3269, 1870}"
2925,"{1932, 1990, 1887}","{1848, 2571, 1828, 1886}"
2926,"{2896, 1866}","{2704, 2895}"
2927,"{2702, 1822}","{1812, 2214}"
2928,{3428},{3004}
2929,"{2881, 1810}","{2880, 1817, 1812}"
2930,"{1810, 3429}","{3344, 1828}"
2931,{3430},{2215}
2932,"{2366, 1887}","{1812, 1886, 3431}"
2933,"{1810, 1924, 1813, 1887}","{1925, 1807, 1809, 1812, 1886}"
2934,"{3432, 1812, 1886}","{2621, 1887}"
2935,{3338},"{3433, 1810}"
2936,{3434},{3435}
2937,"{3436, 1812}","{1848, 3437}"
2938,"{1810, 3438}","{1812, 2869}"
2939,"{3137, 2869}","{1812, 1990, 3439}"
2940,"{3440, 1864}","{2187, 1822, 2695}"
2941,"{1810, 2650, 1813}","{3441, 1812, 1809, 1807}"
2942,"{3211, 1812, 2095}","{1848, 2082, 2814}"
2943,"{2677, 1813}","{3442, 1812, 1807}"
2944,"{3077, 1810, 1813}","{2040, 1809, 1812, 1807}"
2945,"{1864, 2216}","{3443, 1909}"
2946,"{1906, 1810}","{1905, 1828}"
2947,"{3444, 1988, 1812}","{2137, 1987, 3445}"
2948,"{2345, 1812, 2095}","{1848, 2082, 2950}"
2949,"{2818, 1884}","{3267, 1885}"
2950,{2047},"{2176, 1810}"
2951,"{2040, 1812, 3446}","{1848, 1817, 1859}"
2952,"{1864, 1824}","{3157, 3175}"
2953,{3447},{2653}
2954,"{1812, 1957, 2702}","{1848, 1958, 1822}"
2955,"{1817, 2018, 1813, 1822}","{1873, 1812, 2289, 1870}"
2956,"{2976, 3449, 1812}","{3448, 1870}"
2957,"{1810, 1987, 2434}","{2322, 1988, 1812}"
2958,{2153},"{2584, 2152}"
2959,"{1884, 2389}","{2808, 1885}"
2960,"{1810, 2283, 1812}","{1848, 1828, 2028}"
2961,"{3450, 1813}","{3282, 1807}"
2962,"{2680, 2073}","{2640, 2074}"
2963,"{1810, 2979}","{2593, 1895}"
2964,"{2757, 1813}","{3192, 1812, 1807}"
2965,"{1810, 3325}","{2017, 1812, 2575}"
2966,"{2656, 2154}",{2973}
2967,{3451},{2932}
2968,{3452},{3409}
2969,"{2331, 1812}","{1848, 3227}"
2970,{3453},{2931}
2971,"{2984, 1813}","{1812, 2206, 1807}"
2972,"{1812, 2941, 1886}","{1810, 2642, 1887}"
2973,"{2896, 3199}","{2944, 2895}"
2974,"{1846, 1899, 1822}","{1864, 2115, 1900}"
2975,{3454},{2744}
2976,"{1864, 2010}","{2742, 1822}"
2977,"{3313, 3189, 1822}","{3163, 3227, 1812}"
2978,"{1822, 3455}","{2155, 1812}"
2979,"{3457, 2731, 1813}","{3456, 1873, 1870}"
2980,{3458},{2058}
2981,"{1822, 3151}","{2633, 1812}"
2982,"{3033, 2786, 1813}","{1873, 3437, 1870}"
2983,{3459},{2180}
2984,{3121},{3152}
2985,{3460},{2156}
2986,"{3196, 1822}","{3099, 1812}"
2987,"{3024, 1812, 1886}","{3461, 1887}"
2988,"{2978, 1878}","{2315, 3462}"
2989,"{1813, 3463}","{2470, 1807}"
2990,"{2100, 1812}","{1848, 3464}"
2991,{3465},{3466}
2992,"{2067, 2437}","{1810, 2435}"
2993,"{1925, 3206, 2439, 2440, 2568, 1930, 3467, 3468, 1932, 2190, 3086, 2571, 1810, 2068, 1813, 2040, 1817, 2202, 3227, 3099, 2041, 3102, 1828, 3109, 3238, 1832, 2088, 2216, 1963, 2859, 2731, 2862, 2603, 2098, 2869, 1858, 1987, 2243, 1990, 1991, 1992, 1997, 1998, 2383, 3027, 2260, 1883, 1884, 1887, 3424, 3425, 3178, 1898, 3437, 2031, 3440, 1905, 1906, 3316, 2167, 2424, 3449, 3195}","{1809, 1812, 1870, 1807}"
2994,"{1885, 1982}","{1883, 1884, 1812, 3455}"
2995,"{3297, 1810}","{1812, 2622}"
2996,"{3003, 1822}","{1812, 3031}"
2997,{3469},{3103}
2998,"{1810, 1887}","{1873, 2596, 1812}"
2999,{3470},{2138}
3000,"{1810, 2542}","{3156, 1812}"
3001,"{1810, 3316, 1813}","{1809, 2738, 1812, 1807}"
3002,"{1864, 3143}","{1820, 1919}"
3003,"{3216, 1988, 1812}","{2387, 1987}"
3004,"{1864, 3471}","{2513, 2035, 1822}"
3005,{3472},{2417}
3006,"{2425, 1809}","{3011, 2676}"
3007,"{2233, 2234}","{2235, 2268, 1822}"
